match_id,season,start_date,venue,innings,ball,batting_team,bowling_team,striker,non_striker,bowler,runs_off_bat,extras,wides,noballs,byes,legbyes,penalty,wicket_type,player_dismissed,other_wicket_type,other_player_dismissed
1382166,2023,2023-07-16,"Shere Bangla National Stadium, Mirpur",1,0.1,Bangladesh,India,Murshida Khatun,Sharmin Akhter,P Vastrakar,1,0,,,,,,,,,
1382166,2023,2023-07-16,"Shere Bangla National Stadium, Mirpur",1,0.2,Bangladesh,India,Sharmin Akhter,Murshida Khatun,P Vastrakar,0,0,,,,,,,,,
1382166,2023,2023-07-16,"Shere Bangla National Stadium, Mirpur",1,0.3,Bangladesh,India,Sharmin Akhter,Murshida Khatun,P Vastrakar,0,1,1,,,,,,,,
1382166,2023,2023-07-16,"Shere Bangla National Stadium, Mirpur",1,0.4,Bangladesh,India,Sharmin Akhter,Murshida Khatun,P Vastrakar,0,0,,,,,,,,,
1382166,2023,2023-07-16,"Shere Bangla National Stadium, Mirpur",1,0.5,Bangladesh,India,Sharmin Akhter,Murshida Khatun,P Vastrakar,0,0,,,,,,,,,
1382166,2023,2023-07-16,"Shere Bangla National Stadium, Mirpur",1,0.6,Bangladesh,India,Sharmin Akhter,Murshida Khatun,P Vastrakar,0,0,,,,,,,,,
1382166,2023,2023-07-16,"Shere Bangla National Stadium, Mirpur",1,0.7,Bangladesh,India,Sharmin Akhter,Murshida Khatun,P Vastrakar,0,0,,,,,,,,,
1382166,2023,2023-07-16,"Shere Bangla National Stadium, Mirpur",1,1.1,Bangladesh,India,Murshida Khatun,Sharmin Akhter,DB Sharma,0,0,,,,,,,,,
1382166,2023,2023-07-16,"Shere Bangla National Stadium, Mirpur",1,1.2,Bangladesh,India,Murshida Khatun,Sharmin Akhter,DB Sharma,0,0,,,,,,,,,
1382166,2023,2023-07-16,"Shere Bangla National Stadium, Mirpur",1,1.3,Bangladesh,India,Murshida Khatun,Sharmin Akhter,DB Sharma,0,0,,,,,,,,,
1382166,2023,2023-07-16,"Shere Bangla National Stadium, Mirpur",1,1.4,Bangladesh,India,Murshida Khatun,Sharmin Akhter,DB Sharma,0,0,,,,,,,,,
1382166,2023,2023-07-16,"Shere Bangla National Stadium, Mirpur",1,1.5,Bangladesh,India,Murshida Khatun,Sharmin Akhter,DB Sharma,1,0,,,,,,,,,
1382166,2023,2023-07-16,"Shere Bangla National Stadium, Mirpur",1,1.6,Bangladesh,India,Sharmin Akhter,Murshida Khatun,DB Sharma,0,0,,,,,,,,,
1382166,2023,2023-07-16,"Shere Bangla National Stadium, Mirpur",1,2.1,Bangladesh,India,Murshida Khatun,Sharmin Akhter,P Vastrakar,0,0,,,,,,,,,
1382166,2023,2023-07-16,"Shere Bangla National Stadium, Mirpur",1,2.2,Bangladesh,India,Murshida Khatun,Sharmin Akhter,P Vastrakar,2,0,,,,,,,,,
1382166,2023,2023-07-16,"Shere Bangla National Stadium, Mirpur",1,2.3,Bangladesh,India,Murshida Khatun,Sharmin Akhter,P Vastrakar,0,0,,,,,,,,,
1382166,2023,2023-07-16,"Shere Bangla National Stadium, Mirpur",1,2.4,Bangladesh,India,Murshida Khatun,Sharmin Akhter,P Vastrakar,0,0,,,,,,,,,
1382166,2023,2023-07-16,"Shere Bangla National Stadium, Mirpur",1,2.5,Bangladesh,India,Murshida Khatun,Sharmin Akhter,P Vastrakar,0,0,,,,,,,,,
1382166,2023,2023-07-16,"Shere Bangla National Stadium, Mirpur",1,2.6,Bangladesh,India,Murshida Khatun,Sharmin Akhter,P Vastrakar,4,0,,,,,,,,,
1382166,2023,2023-07-16,"Shere Bangla National Stadium, Mirpur",1,3.1,Bangladesh,India,Sharmin Akhter,Murshida Khatun,DB Sharma,0,0,,,,,,,,,
1382166,2023,2023-07-16,"Shere Bangla National Stadium, Mirpur",1,3.2,Bangladesh,India,Sharmin Akhter,Murshida Khatun,DB Sharma,0,0,,,,,,,,,
1382166,2023,2023-07-16,"Shere Bangla National Stadium, Mirpur",1,3.3,Bangladesh,India,Sharmin Akhter,Murshida Khatun,DB Sharma,0,0,,,,,,,,,
1382166,2023,2023-07-16,"Shere Bangla National Stadium, Mirpur",1,3.4,Bangladesh,India,Sharmin Akhter,Murshida Khatun,DB Sharma,0,0,,,,,,,,,
1382166,2023,2023-07-16,"Shere Bangla National Stadium, Mirpur",1,3.5,Bangladesh,India,Sharmin Akhter,Murshida Khatun,DB Sharma,0,0,,,,,,,,,
1382166,2023,2023-07-16,"Shere Bangla National Stadium, Mirpur",1,3.6,Bangladesh,India,Sharmin Akhter,Murshida Khatun,DB Sharma,0,0,,,,,,,,,
1382166,2023,2023-07-16,"Shere Bangla National Stadium, Mirpur",1,4.1,Bangladesh,India,Murshida Khatun,Sharmin Akhter,P Vastrakar,0,0,,,,,,,,,
1382166,2023,2023-07-16,"Shere Bangla National Stadium, Mirpur",1,4.2,Bangladesh,India,Murshida Khatun,Sharmin Akhter,P Vastrakar,0,0,,,,,,,,,
1382166,2023,2023-07-16,"Shere Bangla National Stadium, Mirpur",1,4.3,Bangladesh,India,Murshida Khatun,Sharmin Akhter,P Vastrakar,4,0,,,,,,,,,
1382166,2023,2023-07-16,"Shere Bangla National Stadium, Mirpur",1,4.4,Bangladesh,India,Murshida Khatun,Sharmin Akhter,P Vastrakar,0,0,,,,,,,,,
1382166,2023,2023-07-16,"Shere Bangla National Stadium, Mirpur",1,4.5,Bangladesh,India,Murshida Khatun,Sharmin Akhter,P Vastrakar,0,0,,,,,,,,,
1382166,2023,2023-07-16,"Shere Bangla National Stadium, Mirpur",1,4.6,Bangladesh,India,Murshida Khatun,Sharmin Akhter,P Vastrakar,1,0,,,,,,,,,
1382166,2023,2023-07-16,"Shere Bangla National Stadium, Mirpur",1,5.1,Bangladesh,India,Murshida Khatun,Sharmin Akhter,DB Sharma,0,0,,,,,,,,,
1382166,2023,2023-07-16,"Shere Bangla National Stadium, Mirpur",1,5.2,Bangladesh,India,Murshida Khatun,Sharmin Akhter,DB Sharma,0,0,,,,,,,,,
1382166,2023,2023-07-16,"Shere Bangla National Stadium, Mirpur",1,5.3,Bangladesh,India,Murshida Khatun,Sharmin Akhter,DB Sharma,0,0,,,,,,,,,
1382166,2023,2023-07-16,"Shere Bangla National Stadium, Mirpur",1,5.4,Bangladesh,India,Murshida Khatun,Sharmin Akhter,DB Sharma,0,0,,,,,,,,,
1382166,2023,2023-07-16,"Shere Bangla National Stadium, Mirpur",1,5.5,Bangladesh,India,Murshida Khatun,Sharmin Akhter,DB Sharma,0,0,,,,,,,,,
1382166,2023,2023-07-16,"Shere Bangla National Stadium, Mirpur",1,5.6,Bangladesh,India,Murshida Khatun,Sharmin Akhter,DB Sharma,0,0,,,,,,,,,
1382166,2023,2023-07-16,"Shere Bangla National Stadium, Mirpur",1,6.1,Bangladesh,India,Sharmin Akhter,Murshida Khatun,AB Kaur,0,0,,,,,,,,,
1382166,2023,2023-07-16,"Shere Bangla National Stadium, Mirpur",1,6.2,Bangladesh,India,Sharmin Akhter,Murshida Khatun,AB Kaur,0,0,,,,,,,,,
1382166,2023,2023-07-16,"Shere Bangla National Stadium, Mirpur",1,6.3,Bangladesh,India,Sharmin Akhter,Murshida Khatun,AB Kaur,0,0,,,,,,,,,
1382166,2023,2023-07-16,"Shere Bangla National Stadium, Mirpur",1,6.4,Bangladesh,India,Sharmin Akhter,Murshida Khatun,AB Kaur,0,0,,,,,,,,,
1382166,2023,2023-07-16,"Shere Bangla National Stadium, Mirpur",1,6.5,Bangladesh,India,Sharmin Akhter,Murshida Khatun,AB Kaur,0,0,,,,,,,,,
1382166,2023,2023-07-16,"Shere Bangla National Stadium, Mirpur",1,6.6,Bangladesh,India,Sharmin Akhter,Murshida Khatun,AB Kaur,0,0,,,,,,,,,
1382166,2023,2023-07-16,"Shere Bangla National Stadium, Mirpur",1,7.1,Bangladesh,India,Murshida Khatun,Sharmin Akhter,S Rana,0,0,,,,,,,,,
1382166,2023,2023-07-16,"Shere Bangla National Stadium, Mirpur",1,7.2,Bangladesh,India,Murshida Khatun,Sharmin Akhter,S Rana,0,0,,,,,,,,,
1382166,2023,2023-07-16,"Shere Bangla National Stadium, Mirpur",1,7.3,Bangladesh,India,Murshida Khatun,Sharmin Akhter,S Rana,0,0,,,,,,run out,Sharmin Akhter,,
1382166,2023,2023-07-16,"Shere Bangla National Stadium, Mirpur",1,7.4,Bangladesh,India,Fargana Hoque,Murshida Khatun,S Rana,0,0,,,,,,,,,
1382166,2023,2023-07-16,"Shere Bangla National Stadium, Mirpur",1,7.5,Bangladesh,India,Fargana Hoque,Murshida Khatun,S Rana,0,0,,,,,,,,,
1382166,2023,2023-07-16,"Shere Bangla National Stadium, Mirpur",1,7.6,Bangladesh,India,Fargana Hoque,Murshida Khatun,S Rana,0,0,,,,,,,,,
1382166,2023,2023-07-16,"Shere Bangla National Stadium, Mirpur",1,8.1,Bangladesh,India,Murshida Khatun,Fargana Hoque,AB Kaur,0,0,,,,,,,,,
1382166,2023,2023-07-16,"Shere Bangla National Stadium, Mirpur",1,8.2,Bangladesh,India,Murshida Khatun,Fargana Hoque,AB Kaur,0,0,,,,,,,,,
1382166,2023,2023-07-16,"Shere Bangla National Stadium, Mirpur",1,8.3,Bangladesh,India,Murshida Khatun,Fargana Hoque,AB Kaur,0,0,,,,,,caught,Murshida Khatun,,
1382166,2023,2023-07-16,"Shere Bangla National Stadium, Mirpur",1,8.4,Bangladesh,India,Nigar Sultana,Fargana Hoque,AB Kaur,0,0,,,,,,,,,
1382166,2023,2023-07-16,"Shere Bangla National Stadium, Mirpur",1,8.5,Bangladesh,India,Nigar Sultana,Fargana Hoque,AB Kaur,0,0,,,,,,,,,
1382166,2023,2023-07-16,"Shere Bangla National Stadium, Mirpur",1,8.6,Bangladesh,India,Nigar Sultana,Fargana Hoque,AB Kaur,0,0,,,,,,,,,
1382166,2023,2023-07-16,"Shere Bangla National Stadium, Mirpur",1,9.1,Bangladesh,India,Fargana Hoque,Nigar Sultana,S Rana,0,0,,,,,,,,,
1382166,2023,2023-07-16,"Shere Bangla National Stadium, Mirpur",1,9.2,Bangladesh,India,Fargana Hoque,Nigar Sultana,S Rana,0,0,,,,,,,,,
1382166,2023,2023-07-16,"Shere Bangla National Stadium, Mirpur",1,9.3,Bangladesh,India,Fargana Hoque,Nigar Sultana,S Rana,0,0,,,,,,,,,
1382166,2023,2023-07-16,"Shere Bangla National Stadium, Mirpur",1,9.4,Bangladesh,India,Fargana Hoque,Nigar Sultana,S Rana,0,0,,,,,,,,,
1382166,2023,2023-07-16,"Shere Bangla National Stadium, Mirpur",1,9.5,Bangladesh,India,Fargana Hoque,Nigar Sultana,S Rana,0,0,,,,,,,,,
1382166,2023,2023-07-16,"Shere Bangla National Stadium, Mirpur",1,9.6,Bangladesh,India,Fargana Hoque,Nigar Sultana,S Rana,0,0,,,,,,,,,
1382166,2023,2023-07-16,"Shere Bangla National Stadium, Mirpur",1,10.1,Bangladesh,India,Nigar Sultana,Fargana Hoque,AB Kaur,0,0,,,,,,,,,
1382166,2023,2023-07-16,"Shere Bangla National Stadium, Mirpur",1,10.2,Bangladesh,India,Nigar Sultana,Fargana Hoque,AB Kaur,0,0,,,,,,,,,
1382166,2023,2023-07-16,"Shere Bangla National Stadium, Mirpur",1,10.3,Bangladesh,India,Nigar Sultana,Fargana Hoque,AB Kaur,0,0,,,,,,,,,
1382166,2023,2023-07-16,"Shere Bangla National Stadium, Mirpur",1,10.4,Bangladesh,India,Nigar Sultana,Fargana Hoque,AB Kaur,0,0,,,,,,,,,
1382166,2023,2023-07-16,"Shere Bangla National Stadium, Mirpur",1,10.5,Bangladesh,India,Nigar Sultana,Fargana Hoque,AB Kaur,4,0,,,,,,,,,
1382166,2023,2023-07-16,"Shere Bangla National Stadium, Mirpur",1,10.6,Bangladesh,India,Nigar Sultana,Fargana Hoque,AB Kaur,0,1,1,,,,,,,,
1382166,2023,2023-07-16,"Shere Bangla National Stadium, Mirpur",1,10.7,Bangladesh,India,Nigar Sultana,Fargana Hoque,AB Kaur,0,0,,,,,,,,,
1382166,2023,2023-07-16,"Shere Bangla National Stadium, Mirpur",1,11.1,Bangladesh,India,Fargana Hoque,Nigar Sultana,S Rana,0,0,,,,,,,,,
1382166,2023,2023-07-16,"Shere Bangla National Stadium, Mirpur",1,11.2,Bangladesh,India,Fargana Hoque,Nigar Sultana,S Rana,0,0,,,,,,,,,
1382166,2023,2023-07-16,"Shere Bangla National Stadium, Mirpur",1,11.3,Bangladesh,India,Fargana Hoque,Nigar Sultana,S Rana,0,0,,,,,,,,,
1382166,2023,2023-07-16,"Shere Bangla National Stadium, Mirpur",1,11.4,Bangladesh,India,Fargana Hoque,Nigar Sultana,S Rana,0,0,,,,,,,,,
1382166,2023,2023-07-16,"Shere Bangla National Stadium, Mirpur",1,11.5,Bangladesh,India,Fargana Hoque,Nigar Sultana,S Rana,1,0,,,,,,,,,
1382166,2023,2023-07-16,"Shere Bangla National Stadium, Mirpur",1,11.6,Bangladesh,India,Nigar Sultana,Fargana Hoque,S Rana,0,0,,,,,,,,,
1382166,2023,2023-07-16,"Shere Bangla National Stadium, Mirpur",1,12.1,Bangladesh,India,Fargana Hoque,Nigar Sultana,P Vastrakar,0,0,,,,,,,,,
1382166,2023,2023-07-16,"Shere Bangla National Stadium, Mirpur",1,12.2,Bangladesh,India,Fargana Hoque,Nigar Sultana,P Vastrakar,0,0,,,,,,,,,
1382166,2023,2023-07-16,"Shere Bangla National Stadium, Mirpur",1,12.3,Bangladesh,India,Fargana Hoque,Nigar Sultana,P Vastrakar,0,0,,,,,,,,,
1382166,2023,2023-07-16,"Shere Bangla National Stadium, Mirpur",1,12.4,Bangladesh,India,Fargana Hoque,Nigar Sultana,P Vastrakar,0,0,,,,,,,,,
1382166,2023,2023-07-16,"Shere Bangla National Stadium, Mirpur",1,12.5,Bangladesh,India,Fargana Hoque,Nigar Sultana,P Vastrakar,0,0,,,,,,,,,
1382166,2023,2023-07-16,"Shere Bangla National Stadium, Mirpur",1,12.6,Bangladesh,India,Fargana Hoque,Nigar Sultana,P Vastrakar,1,0,,,,,,,,,
1382166,2023,2023-07-16,"Shere Bangla National Stadium, Mirpur",1,13.1,Bangladesh,India,Fargana Hoque,Nigar Sultana,BM Anusha,4,0,,,,,,,,,
1382166,2023,2023-07-16,"Shere Bangla National Stadium, Mirpur",1,13.2,Bangladesh,India,Fargana Hoque,Nigar Sultana,BM Anusha,0,1,1,,,,,,,,
1382166,2023,2023-07-16,"Shere Bangla National Stadium, Mirpur",1,13.3,Bangladesh,India,Fargana Hoque,Nigar Sultana,BM Anusha,0,1,1,,,,,,,,
1382166,2023,2023-07-16,"Shere Bangla National Stadium, Mirpur",1,13.4,Bangladesh,India,Fargana Hoque,Nigar Sultana,BM Anusha,0,0,,,,,,,,,
1382166,2023,2023-07-16,"Shere Bangla National Stadium, Mirpur",1,13.5,Bangladesh,India,Fargana Hoque,Nigar Sultana,BM Anusha,0,0,,,,,,,,,
1382166,2023,2023-07-16,"Shere Bangla National Stadium, Mirpur",1,13.6,Bangladesh,India,Fargana Hoque,Nigar Sultana,BM Anusha,1,0,,,,,,,,,
1382166,2023,2023-07-16,"Shere Bangla National Stadium, Mirpur",1,13.7,Bangladesh,India,Nigar Sultana,Fargana Hoque,BM Anusha,4,0,,,,,,,,,
1382166,2023,2023-07-16,"Shere Bangla National Stadium, Mirpur",1,13.8,Bangladesh,India,Nigar Sultana,Fargana Hoque,BM Anusha,0,0,,,,,,,,,
1382166,2023,2023-07-16,"Shere Bangla National Stadium, Mirpur",1,14.1,Bangladesh,India,Fargana Hoque,Nigar Sultana,P Vastrakar,0,0,,,,,,,,,
1382166,2023,2023-07-16,"Shere Bangla National Stadium, Mirpur",1,14.2,Bangladesh,India,Fargana Hoque,Nigar Sultana,P Vastrakar,4,0,,,,,,,,,
1382166,2023,2023-07-16,"Shere Bangla National Stadium, Mirpur",1,14.3,Bangladesh,India,Fargana Hoque,Nigar Sultana,P Vastrakar,0,0,,,,,,,,,
1382166,2023,2023-07-16,"Shere Bangla National Stadium, Mirpur",1,14.4,Bangladesh,India,Fargana Hoque,Nigar Sultana,P Vastrakar,0,0,,,,,,,,,
1382166,2023,2023-07-16,"Shere Bangla National Stadium, Mirpur",1,14.5,Bangladesh,India,Fargana Hoque,Nigar Sultana,P Vastrakar,4,0,,,,,,,,,
1382166,2023,2023-07-16,"Shere Bangla National Stadium, Mirpur",1,14.6,Bangladesh,India,Fargana Hoque,Nigar Sultana,P Vastrakar,0,0,,,,,,,,,
1382166,2023,2023-07-16,"Shere Bangla National Stadium, Mirpur",1,15.1,Bangladesh,India,Nigar Sultana,Fargana Hoque,DP Vaidya,0,0,,,,,,,,,
1382166,2023,2023-07-16,"Shere Bangla National Stadium, Mirpur",1,15.2,Bangladesh,India,Nigar Sultana,Fargana Hoque,DP Vaidya,0,0,,,,,,,,,
1382166,2023,2023-07-16,"Shere Bangla National Stadium, Mirpur",1,15.3,Bangladesh,India,Nigar Sultana,Fargana Hoque,DP Vaidya,1,0,,,,,,,,,
1382166,2023,2023-07-16,"Shere Bangla National Stadium, Mirpur",1,15.4,Bangladesh,India,Fargana Hoque,Nigar Sultana,DP Vaidya,4,0,,,,,,,,,
1382166,2023,2023-07-16,"Shere Bangla National Stadium, Mirpur",1,15.5,Bangladesh,India,Fargana Hoque,Nigar Sultana,DP Vaidya,0,0,,,,,,,,,
1382166,2023,2023-07-16,"Shere Bangla National Stadium, Mirpur",1,15.6,Bangladesh,India,Fargana Hoque,Nigar Sultana,DP Vaidya,0,0,,,,,,,,,
1382166,2023,2023-07-16,"Shere Bangla National Stadium, Mirpur",1,16.1,Bangladesh,India,Nigar Sultana,Fargana Hoque,DB Sharma,0,0,,,,,,,,,
1382166,2023,2023-07-16,"Shere Bangla National Stadium, Mirpur",1,16.2,Bangladesh,India,Nigar Sultana,Fargana Hoque,DB Sharma,0,0,,,,,,,,,
1382166,2023,2023-07-16,"Shere Bangla National Stadium, Mirpur",1,16.3,Bangladesh,India,Nigar Sultana,Fargana Hoque,DB Sharma,1,0,,,,,,,,,
1382166,2023,2023-07-16,"Shere Bangla National Stadium, Mirpur",1,16.4,Bangladesh,India,Fargana Hoque,Nigar Sultana,DB Sharma,4,0,,,,,,,,,
1382166,2023,2023-07-16,"Shere Bangla National Stadium, Mirpur",1,16.5,Bangladesh,India,Fargana Hoque,Nigar Sultana,DB Sharma,0,0,,,,,,,,,
1382166,2023,2023-07-16,"Shere Bangla National Stadium, Mirpur",1,16.6,Bangladesh,India,Fargana Hoque,Nigar Sultana,DB Sharma,0,0,,,,,,,,,
1382166,2023,2023-07-16,"Shere Bangla National Stadium, Mirpur",1,17.1,Bangladesh,India,Nigar Sultana,Fargana Hoque,DP Vaidya,1,0,,,,,,,,,
1382166,2023,2023-07-16,"Shere Bangla National Stadium, Mirpur",1,17.2,Bangladesh,India,Fargana Hoque,Nigar Sultana,DP Vaidya,1,0,,,,,,,,,
1382166,2023,2023-07-16,"Shere Bangla National Stadium, Mirpur",1,17.3,Bangladesh,India,Nigar Sultana,Fargana Hoque,DP Vaidya,1,0,,,,,,,,,
1382166,2023,2023-07-16,"Shere Bangla National Stadium, Mirpur",1,17.4,Bangladesh,India,Fargana Hoque,Nigar Sultana,DP Vaidya,0,0,,,,,,,,,
1382166,2023,2023-07-16,"Shere Bangla National Stadium, Mirpur",1,17.5,Bangladesh,India,Fargana Hoque,Nigar Sultana,DP Vaidya,1,0,,,,,,,,,
1382166,2023,2023-07-16,"Shere Bangla National Stadium, Mirpur",1,17.6,Bangladesh,India,Nigar Sultana,Fargana Hoque,DP Vaidya,1,0,,,,,,,,,
1382166,2023,2023-07-16,"Shere Bangla National Stadium, Mirpur",1,18.1,Bangladesh,India,Nigar Sultana,Fargana Hoque,DB Sharma,2,0,,,,,,,,,
1382166,2023,2023-07-16,"Shere Bangla National Stadium, Mirpur",1,18.2,Bangladesh,India,Nigar Sultana,Fargana Hoque,DB Sharma,0,0,,,,,,,,,
1382166,2023,2023-07-16,"Shere Bangla National Stadium, Mirpur",1,18.3,Bangladesh,India,Nigar Sultana,Fargana Hoque,DB Sharma,0,0,,,,,,,,,
1382166,2023,2023-07-16,"Shere Bangla National Stadium, Mirpur",1,18.4,Bangladesh,India,Nigar Sultana,Fargana Hoque,DB Sharma,1,0,,,,,,,,,
1382166,2023,2023-07-16,"Shere Bangla National Stadium, Mirpur",1,18.5,Bangladesh,India,Fargana Hoque,Nigar Sultana,DB Sharma,0,0,,,,,,,,,
1382166,2023,2023-07-16,"Shere Bangla National Stadium, Mirpur",1,18.6,Bangladesh,India,Fargana Hoque,Nigar Sultana,DB Sharma,0,0,,,,,,,,,
1382166,2023,2023-07-16,"Shere Bangla National Stadium, Mirpur",1,19.1,Bangladesh,India,Nigar Sultana,Fargana Hoque,DP Vaidya,0,0,,,,,,,,,
1382166,2023,2023-07-16,"Shere Bangla National Stadium, Mirpur",1,19.2,Bangladesh,India,Nigar Sultana,Fargana Hoque,DP Vaidya,0,0,,,,,,,,,
1382166,2023,2023-07-16,"Shere Bangla National Stadium, Mirpur",1,19.3,Bangladesh,India,Nigar Sultana,Fargana Hoque,DP Vaidya,0,0,,,,,,,,,
1382166,2023,2023-07-16,"Shere Bangla National Stadium, Mirpur",1,19.4,Bangladesh,India,Nigar Sultana,Fargana Hoque,DP Vaidya,1,0,,,,,,,,,
1382166,2023,2023-07-16,"Shere Bangla National Stadium, Mirpur",1,19.5,Bangladesh,India,Fargana Hoque,Nigar Sultana,DP Vaidya,0,0,,,,,,,,,
1382166,2023,2023-07-16,"Shere Bangla National Stadium, Mirpur",1,19.6,Bangladesh,India,Fargana Hoque,Nigar Sultana,DP Vaidya,2,0,,,,,,,,,
1382166,2023,2023-07-16,"Shere Bangla National Stadium, Mirpur",1,20.1,Bangladesh,India,Nigar Sultana,Fargana Hoque,AB Kaur,0,0,,,,,,,,,
1382166,2023,2023-07-16,"Shere Bangla National Stadium, Mirpur",1,20.2,Bangladesh,India,Nigar Sultana,Fargana Hoque,AB Kaur,0,1,1,,,,,,,,
1382166,2023,2023-07-16,"Shere Bangla National Stadium, Mirpur",1,20.3,Bangladesh,India,Nigar Sultana,Fargana Hoque,AB Kaur,0,0,,,,,,,,,
1382166,2023,2023-07-16,"Shere Bangla National Stadium, Mirpur",1,20.4,Bangladesh,India,Nigar Sultana,Fargana Hoque,AB Kaur,1,0,,,,,,,,,
1382166,2023,2023-07-16,"Shere Bangla National Stadium, Mirpur",1,20.5,Bangladesh,India,Fargana Hoque,Nigar Sultana,AB Kaur,0,0,,,,,,,,,
1382166,2023,2023-07-16,"Shere Bangla National Stadium, Mirpur",1,20.6,Bangladesh,India,Fargana Hoque,Nigar Sultana,AB Kaur,0,0,,,,,,caught,Fargana Hoque,,
1382166,2023,2023-07-16,"Shere Bangla National Stadium, Mirpur",1,20.7,Bangladesh,India,Ritu Moni,Nigar Sultana,AB Kaur,1,0,,,,,,,,,
1382166,2023,2023-07-16,"Shere Bangla National Stadium, Mirpur",1,21.1,Bangladesh,India,Ritu Moni,Nigar Sultana,S Rana,0,0,,,,,,,,,
1382166,2023,2023-07-16,"Shere Bangla National Stadium, Mirpur",1,21.2,Bangladesh,India,Ritu Moni,Nigar Sultana,S Rana,0,0,,,,,,,,,
1382166,2023,2023-07-16,"Shere Bangla National Stadium, Mirpur",1,21.3,Bangladesh,India,Ritu Moni,Nigar Sultana,S Rana,0,0,,,,,,,,,
1382166,2023,2023-07-16,"Shere Bangla National Stadium, Mirpur",1,21.4,Bangladesh,India,Ritu Moni,Nigar Sultana,S Rana,0,0,,,,,,,,,
1382166,2023,2023-07-16,"Shere Bangla National Stadium, Mirpur",1,21.5,Bangladesh,India,Ritu Moni,Nigar Sultana,S Rana,0,0,,,,,,,,,
1382166,2023,2023-07-16,"Shere Bangla National Stadium, Mirpur",1,21.6,Bangladesh,India,Ritu Moni,Nigar Sultana,S Rana,0,0,,,,,,,,,
1382166,2023,2023-07-16,"Shere Bangla National Stadium, Mirpur",1,22.1,Bangladesh,India,Nigar Sultana,Ritu Moni,AB Kaur,0,0,,,,,,,,,
1382166,2023,2023-07-16,"Shere Bangla National Stadium, Mirpur",1,22.2,Bangladesh,India,Nigar Sultana,Ritu Moni,AB Kaur,0,0,,,,,,,,,
1382166,2023,2023-07-16,"Shere Bangla National Stadium, Mirpur",1,22.3,Bangladesh,India,Nigar Sultana,Ritu Moni,AB Kaur,0,0,,,,,,,,,
1382166,2023,2023-07-16,"Shere Bangla National Stadium, Mirpur",1,22.4,Bangladesh,India,Nigar Sultana,Ritu Moni,AB Kaur,1,0,,,,,,,,,
1382166,2023,2023-07-16,"Shere Bangla National Stadium, Mirpur",1,22.5,Bangladesh,India,Ritu Moni,Nigar Sultana,AB Kaur,4,0,,,,,,,,,
1382166,2023,2023-07-16,"Shere Bangla National Stadium, Mirpur",1,22.6,Bangladesh,India,Ritu Moni,Nigar Sultana,AB Kaur,0,0,,,,,,,,,
1382166,2023,2023-07-16,"Shere Bangla National Stadium, Mirpur",1,23.1,Bangladesh,India,Nigar Sultana,Ritu Moni,S Rana,1,0,,,,,,,,,
1382166,2023,2023-07-16,"Shere Bangla National Stadium, Mirpur",1,23.2,Bangladesh,India,Ritu Moni,Nigar Sultana,S Rana,0,0,,,,,,,,,
1382166,2023,2023-07-16,"Shere Bangla National Stadium, Mirpur",1,23.3,Bangladesh,India,Ritu Moni,Nigar Sultana,S Rana,0,0,,,,,,,,,
1382166,2023,2023-07-16,"Shere Bangla National Stadium, Mirpur",1,23.4,Bangladesh,India,Ritu Moni,Nigar Sultana,S Rana,1,0,,,,,,,,,
1382166,2023,2023-07-16,"Shere Bangla National Stadium, Mirpur",1,23.5,Bangladesh,India,Nigar Sultana,Ritu Moni,S Rana,0,0,,,,,,,,,
1382166,2023,2023-07-16,"Shere Bangla National Stadium, Mirpur",1,23.6,Bangladesh,India,Nigar Sultana,Ritu Moni,S Rana,2,0,,,,,,,,,
1382166,2023,2023-07-16,"Shere Bangla National Stadium, Mirpur",1,24.1,Bangladesh,India,Ritu Moni,Nigar Sultana,P Vastrakar,1,0,,,,,,,,,
1382166,2023,2023-07-16,"Shere Bangla National Stadium, Mirpur",1,24.2,Bangladesh,India,Nigar Sultana,Ritu Moni,P Vastrakar,2,0,,,,,,,,,
1382166,2023,2023-07-16,"Shere Bangla National Stadium, Mirpur",1,24.3,Bangladesh,India,Nigar Sultana,Ritu Moni,P Vastrakar,0,0,,,,,,,,,
1382166,2023,2023-07-16,"Shere Bangla National Stadium, Mirpur",1,24.4,Bangladesh,India,Nigar Sultana,Ritu Moni,P Vastrakar,1,0,,,,,,,,,
1382166,2023,2023-07-16,"Shere Bangla National Stadium, Mirpur",1,24.5,Bangladesh,India,Ritu Moni,Nigar Sultana,P Vastrakar,0,0,,,,,,,,,
1382166,2023,2023-07-16,"Shere Bangla National Stadium, Mirpur",1,24.6,Bangladesh,India,Ritu Moni,Nigar Sultana,P Vastrakar,0,0,,,,,,,,,
1382166,2023,2023-07-16,"Shere Bangla National Stadium, Mirpur",1,25.1,Bangladesh,India,Nigar Sultana,Ritu Moni,DP Vaidya,0,1,1,,,,,,,,
1382166,2023,2023-07-16,"Shere Bangla National Stadium, Mirpur",1,25.2,Bangladesh,India,Nigar Sultana,Ritu Moni,DP Vaidya,1,0,,,,,,,,,
1382166,2023,2023-07-16,"Shere Bangla National Stadium, Mirpur",1,25.3,Bangladesh,India,Ritu Moni,Nigar Sultana,DP Vaidya,0,0,,,,,,,,,
1382166,2023,2023-07-16,"Shere Bangla National Stadium, Mirpur",1,25.4,Bangladesh,India,Ritu Moni,Nigar Sultana,DP Vaidya,1,0,,,,,,,,,
1382166,2023,2023-07-16,"Shere Bangla National Stadium, Mirpur",1,25.5,Bangladesh,India,Nigar Sultana,Ritu Moni,DP Vaidya,0,0,,,,,,,,,
1382166,2023,2023-07-16,"Shere Bangla National Stadium, Mirpur",1,25.6,Bangladesh,India,Nigar Sultana,Ritu Moni,DP Vaidya,1,0,,,,,,,,,
1382166,2023,2023-07-16,"Shere Bangla National Stadium, Mirpur",1,25.7,Bangladesh,India,Ritu Moni,Nigar Sultana,DP Vaidya,0,0,,,,,,caught,Ritu Moni,,
1382166,2023,2023-07-16,"Shere Bangla National Stadium, Mirpur",1,26.1,Bangladesh,India,Nigar Sultana,Rabeya Khan,P Vastrakar,0,0,,,,,,,,,
1382166,2023,2023-07-16,"Shere Bangla National Stadium, Mirpur",1,26.2,Bangladesh,India,Nigar Sultana,Rabeya Khan,P Vastrakar,0,0,,,,,,,,,
1382166,2023,2023-07-16,"Shere Bangla National Stadium, Mirpur",1,26.3,Bangladesh,India,Nigar Sultana,Rabeya Khan,P Vastrakar,0,0,,,,,,,,,
1382166,2023,2023-07-16,"Shere Bangla National Stadium, Mirpur",1,26.4,Bangladesh,India,Nigar Sultana,Rabeya Khan,P Vastrakar,0,0,,,,,,,,,
1382166,2023,2023-07-16,"Shere Bangla National Stadium, Mirpur",1,26.5,Bangladesh,India,Nigar Sultana,Rabeya Khan,P Vastrakar,0,0,,,,,,,,,
1382166,2023,2023-07-16,"Shere Bangla National Stadium, Mirpur",1,26.6,Bangladesh,India,Nigar Sultana,Rabeya Khan,P Vastrakar,1,0,,,,,,,,,
1382166,2023,2023-07-16,"Shere Bangla National Stadium, Mirpur",1,27.1,Bangladesh,India,Nigar Sultana,Rabeya Khan,DP Vaidya,0,1,1,,,,,,,,
1382166,2023,2023-07-16,"Shere Bangla National Stadium, Mirpur",1,27.2,Bangladesh,India,Nigar Sultana,Rabeya Khan,DP Vaidya,0,0,,,,,,,,,
1382166,2023,2023-07-16,"Shere Bangla National Stadium, Mirpur",1,27.3,Bangladesh,India,Nigar Sultana,Rabeya Khan,DP Vaidya,0,0,,,,,,,,,
1382166,2023,2023-07-16,"Shere Bangla National Stadium, Mirpur",1,27.4,Bangladesh,India,Nigar Sultana,Rabeya Khan,DP Vaidya,0,0,,,,,,,,,
1382166,2023,2023-07-16,"Shere Bangla National Stadium, Mirpur",1,27.5,Bangladesh,India,Nigar Sultana,Rabeya Khan,DP Vaidya,0,0,,,,,,,,,
1382166,2023,2023-07-16,"Shere Bangla National Stadium, Mirpur",1,27.6,Bangladesh,India,Nigar Sultana,Rabeya Khan,DP Vaidya,4,0,,,,,,,,,
1382166,2023,2023-07-16,"Shere Bangla National Stadium, Mirpur",1,27.7,Bangladesh,India,Nigar Sultana,Rabeya Khan,DP Vaidya,1,0,,,,,,,,,
1382166,2023,2023-07-16,"Shere Bangla National Stadium, Mirpur",1,28.1,Bangladesh,India,Nigar Sultana,Rabeya Khan,AB Kaur,0,1,1,,,,,,,,
1382166,2023,2023-07-16,"Shere Bangla National Stadium, Mirpur",1,28.2,Bangladesh,India,Nigar Sultana,Rabeya Khan,AB Kaur,0,0,,,,,,,,,
1382166,2023,2023-07-16,"Shere Bangla National Stadium, Mirpur",1,28.3,Bangladesh,India,Nigar Sultana,Rabeya Khan,AB Kaur,1,0,,,,,,,,,
1382166,2023,2023-07-16,"Shere Bangla National Stadium, Mirpur",1,28.4,Bangladesh,India,Rabeya Khan,Nigar Sultana,AB Kaur,0,0,,,,,,,,,
1382166,2023,2023-07-16,"Shere Bangla National Stadium, Mirpur",1,28.5,Bangladesh,India,Rabeya Khan,Nigar Sultana,AB Kaur,1,0,,,,,,,,,
1382166,2023,2023-07-16,"Shere Bangla National Stadium, Mirpur",1,28.6,Bangladesh,India,Nigar Sultana,Rabeya Khan,AB Kaur,1,0,,,,,,,,,
1382166,2023,2023-07-16,"Shere Bangla National Stadium, Mirpur",1,28.7,Bangladesh,India,Rabeya Khan,Nigar Sultana,AB Kaur,4,0,,,,,,,,,
1382166,2023,2023-07-16,"Shere Bangla National Stadium, Mirpur",1,29.1,Bangladesh,India,Nigar Sultana,Rabeya Khan,DB Sharma,1,0,,,,,,,,,
1382166,2023,2023-07-16,"Shere Bangla National Stadium, Mirpur",1,29.2,Bangladesh,India,Rabeya Khan,Nigar Sultana,DB Sharma,0,0,,,,,,,,,
1382166,2023,2023-07-16,"Shere Bangla National Stadium, Mirpur",1,29.3,Bangladesh,India,Rabeya Khan,Nigar Sultana,DB Sharma,2,0,,,,,,,,,
1382166,2023,2023-07-16,"Shere Bangla National Stadium, Mirpur",1,29.4,Bangladesh,India,Rabeya Khan,Nigar Sultana,DB Sharma,1,0,,,,,,,,,
1382166,2023,2023-07-16,"Shere Bangla National Stadium, Mirpur",1,29.5,Bangladesh,India,Nigar Sultana,Rabeya Khan,DB Sharma,2,0,,,,,,,,,
1382166,2023,2023-07-16,"Shere Bangla National Stadium, Mirpur",1,29.6,Bangladesh,India,Nigar Sultana,Rabeya Khan,DB Sharma,1,0,,,,,,,,,
1382166,2023,2023-07-16,"Shere Bangla National Stadium, Mirpur",1,30.1,Bangladesh,India,Nigar Sultana,Rabeya Khan,AB Kaur,0,0,,,,,,lbw,Nigar Sultana,,
1382166,2023,2023-07-16,"Shere Bangla National Stadium, Mirpur",1,30.2,Bangladesh,India,Nahida Akter,Rabeya Khan,AB Kaur,0,0,,,,,,,,,
1382166,2023,2023-07-16,"Shere Bangla National Stadium, Mirpur",1,30.3,Bangladesh,India,Nahida Akter,Rabeya Khan,AB Kaur,0,0,,,,,,,,,
1382166,2023,2023-07-16,"Shere Bangla National Stadium, Mirpur",1,30.4,Bangladesh,India,Nahida Akter,Rabeya Khan,AB Kaur,0,0,,,,,,,,,
1382166,2023,2023-07-16,"Shere Bangla National Stadium, Mirpur",1,30.5,Bangladesh,India,Nahida Akter,Rabeya Khan,AB Kaur,1,0,,,,,,,,,
1382166,2023,2023-07-16,"Shere Bangla National Stadium, Mirpur",1,30.6,Bangladesh,India,Rabeya Khan,Nahida Akter,AB Kaur,0,0,,,,,,,,,
1382166,2023,2023-07-16,"Shere Bangla National Stadium, Mirpur",1,31.1,Bangladesh,India,Nahida Akter,Rabeya Khan,DB Sharma,0,0,,,,,,,,,
1382166,2023,2023-07-16,"Shere Bangla National Stadium, Mirpur",1,31.2,Bangladesh,India,Nahida Akter,Rabeya Khan,DB Sharma,0,0,,,,,,,,,
1382166,2023,2023-07-16,"Shere Bangla National Stadium, Mirpur",1,31.3,Bangladesh,India,Nahida Akter,Rabeya Khan,DB Sharma,0,0,,,,,,,,,
1382166,2023,2023-07-16,"Shere Bangla National Stadium, Mirpur",1,31.4,Bangladesh,India,Nahida Akter,Rabeya Khan,DB Sharma,0,0,,,,,,,,,
1382166,2023,2023-07-16,"Shere Bangla National Stadium, Mirpur",1,31.5,Bangladesh,India,Nahida Akter,Rabeya Khan,DB Sharma,0,0,,,,,,,,,
1382166,2023,2023-07-16,"Shere Bangla National Stadium, Mirpur",1,31.6,Bangladesh,India,Nahida Akter,Rabeya Khan,DB Sharma,0,0,,,,,,,,,
1382166,2023,2023-07-16,"Shere Bangla National Stadium, Mirpur",1,32.1,Bangladesh,India,Rabeya Khan,Nahida Akter,AB Kaur,1,0,,,,,,,,,
1382166,2023,2023-07-16,"Shere Bangla National Stadium, Mirpur",1,32.2,Bangladesh,India,Nahida Akter,Rabeya Khan,AB Kaur,0,0,,,,,,,,,
1382166,2023,2023-07-16,"Shere Bangla National Stadium, Mirpur",1,32.3,Bangladesh,India,Nahida Akter,Rabeya Khan,AB Kaur,0,0,,,,,,,,,
1382166,2023,2023-07-16,"Shere Bangla National Stadium, Mirpur",1,32.4,Bangladesh,India,Nahida Akter,Rabeya Khan,AB Kaur,0,0,,,,,,,,,
1382166,2023,2023-07-16,"Shere Bangla National Stadium, Mirpur",1,32.5,Bangladesh,India,Nahida Akter,Rabeya Khan,AB Kaur,1,0,,,,,,,,,
1382166,2023,2023-07-16,"Shere Bangla National Stadium, Mirpur",1,33.1,Bangladesh,India,Nahida Akter,Rabeya Khan,DB Sharma,0,0,,,,,,caught,Nahida Akter,,
1382166,2023,2023-07-16,"Shere Bangla National Stadium, Mirpur",1,33.2,Bangladesh,India,Fahima Khatun,Rabeya Khan,DB Sharma,0,0,,,,,,,,,
1382166,2023,2023-07-16,"Shere Bangla National Stadium, Mirpur",1,33.3,Bangladesh,India,Fahima Khatun,Rabeya Khan,DB Sharma,2,0,,,,,,,,,
1382166,2023,2023-07-16,"Shere Bangla National Stadium, Mirpur",1,33.4,Bangladesh,India,Fahima Khatun,Rabeya Khan,DB Sharma,1,0,,,,,,,,,
1382166,2023,2023-07-16,"Shere Bangla National Stadium, Mirpur",1,33.5,Bangladesh,India,Rabeya Khan,Fahima Khatun,DB Sharma,1,0,,,,,,,,,
1382166,2023,2023-07-16,"Shere Bangla National Stadium, Mirpur",1,33.6,Bangladesh,India,Fahima Khatun,Rabeya Khan,DB Sharma,0,0,,,,,,,,,
1382166,2023,2023-07-16,"Shere Bangla National Stadium, Mirpur",1,34.1,Bangladesh,India,Rabeya Khan,Fahima Khatun,AB Kaur,0,0,,,,,,,,,
1382166,2023,2023-07-16,"Shere Bangla National Stadium, Mirpur",1,34.2,Bangladesh,India,Rabeya Khan,Fahima Khatun,AB Kaur,0,5,5,,,,,,,,
1382166,2023,2023-07-16,"Shere Bangla National Stadium, Mirpur",1,34.3,Bangladesh,India,Rabeya Khan,Fahima Khatun,AB Kaur,0,1,1,,,,,,,,
1382166,2023,2023-07-16,"Shere Bangla National Stadium, Mirpur",1,34.4,Bangladesh,India,Rabeya Khan,Fahima Khatun,AB Kaur,0,0,,,,,,caught,Rabeya Khan,,
1382166,2023,2023-07-16,"Shere Bangla National Stadium, Mirpur",1,34.5,Bangladesh,India,Sultana Khatun,Fahima Khatun,AB Kaur,1,0,,,,,,,,,
1382166,2023,2023-07-16,"Shere Bangla National Stadium, Mirpur",1,34.6,Bangladesh,India,Fahima Khatun,Sultana Khatun,AB Kaur,0,0,,,,,,,,,
1382166,2023,2023-07-16,"Shere Bangla National Stadium, Mirpur",1,34.7,Bangladesh,India,Fahima Khatun,Sultana Khatun,AB Kaur,0,0,,,,,,,,,
1382166,2023,2023-07-16,"Shere Bangla National Stadium, Mirpur",1,34.8,Bangladesh,India,Fahima Khatun,Sultana Khatun,AB Kaur,0,0,,,,,,,,,
1382166,2023,2023-07-16,"Shere Bangla National Stadium, Mirpur",1,35.1,Bangladesh,India,Sultana Khatun,Fahima Khatun,DP Vaidya,0,0,,,,,,,,,
1382166,2023,2023-07-16,"Shere Bangla National Stadium, Mirpur",1,35.2,Bangladesh,India,Sultana Khatun,Fahima Khatun,DP Vaidya,1,0,,,,,,,,,
1382166,2023,2023-07-16,"Shere Bangla National Stadium, Mirpur",1,35.3,Bangladesh,India,Fahima Khatun,Sultana Khatun,DP Vaidya,1,0,,,,,,,,,
1382166,2023,2023-07-16,"Shere Bangla National Stadium, Mirpur",1,35.4,Bangladesh,India,Sultana Khatun,Fahima Khatun,DP Vaidya,0,0,,,,,,,,,
1382166,2023,2023-07-16,"Shere Bangla National Stadium, Mirpur",1,35.5,Bangladesh,India,Sultana Khatun,Fahima Khatun,DP Vaidya,0,5,5,,,,,,,,
1382166,2023,2023-07-16,"Shere Bangla National Stadium, Mirpur",1,35.6,Bangladesh,India,Sultana Khatun,Fahima Khatun,DP Vaidya,1,0,,,,,,,,,
1382166,2023,2023-07-16,"Shere Bangla National Stadium, Mirpur",1,35.7,Bangladesh,India,Fahima Khatun,Sultana Khatun,DP Vaidya,0,0,,,,,,,,,
1382166,2023,2023-07-16,"Shere Bangla National Stadium, Mirpur",1,36.1,Bangladesh,India,Sultana Khatun,Fahima Khatun,P Vastrakar,1,0,,,,,,,,,
1382166,2023,2023-07-16,"Shere Bangla National Stadium, Mirpur",1,36.2,Bangladesh,India,Fahima Khatun,Sultana Khatun,P Vastrakar,0,0,,,,,,,,,
1382166,2023,2023-07-16,"Shere Bangla National Stadium, Mirpur",1,36.3,Bangladesh,India,Fahima Khatun,Sultana Khatun,P Vastrakar,1,0,,,,,,,,,
1382166,2023,2023-07-16,"Shere Bangla National Stadium, Mirpur",1,36.4,Bangladesh,India,Sultana Khatun,Fahima Khatun,P Vastrakar,0,0,,,,,,,,,
1382166,2023,2023-07-16,"Shere Bangla National Stadium, Mirpur",1,36.5,Bangladesh,India,Sultana Khatun,Fahima Khatun,P Vastrakar,4,0,,,,,,,,,
1382166,2023,2023-07-16,"Shere Bangla National Stadium, Mirpur",1,36.6,Bangladesh,India,Sultana Khatun,Fahima Khatun,P Vastrakar,0,0,,,,,,,,,
1382166,2023,2023-07-16,"Shere Bangla National Stadium, Mirpur",1,37.1,Bangladesh,India,Fahima Khatun,Sultana Khatun,S Rana,1,0,,,,,,,,,
1382166,2023,2023-07-16,"Shere Bangla National Stadium, Mirpur",1,37.2,Bangladesh,India,Sultana Khatun,Fahima Khatun,S Rana,1,0,,,,,,,,,
1382166,2023,2023-07-16,"Shere Bangla National Stadium, Mirpur",1,37.3,Bangladesh,India,Fahima Khatun,Sultana Khatun,S Rana,0,0,,,,,,,,,
1382166,2023,2023-07-16,"Shere Bangla National Stadium, Mirpur",1,37.4,Bangladesh,India,Fahima Khatun,Sultana Khatun,S Rana,0,0,,,,,,,,,
1382166,2023,2023-07-16,"Shere Bangla National Stadium, Mirpur",1,37.5,Bangladesh,India,Fahima Khatun,Sultana Khatun,S Rana,0,0,,,,,,,,,
1382166,2023,2023-07-16,"Shere Bangla National Stadium, Mirpur",1,37.6,Bangladesh,India,Fahima Khatun,Sultana Khatun,S Rana,0,0,,,,,,,,,
1382166,2023,2023-07-16,"Shere Bangla National Stadium, Mirpur",1,38.1,Bangladesh,India,Sultana Khatun,Fahima Khatun,P Vastrakar,0,0,,,,,,,,,
1382166,2023,2023-07-16,"Shere Bangla National Stadium, Mirpur",1,38.2,Bangladesh,India,Sultana Khatun,Fahima Khatun,P Vastrakar,4,0,,,,,,,,,
1382166,2023,2023-07-16,"Shere Bangla National Stadium, Mirpur",1,38.3,Bangladesh,India,Sultana Khatun,Fahima Khatun,P Vastrakar,0,0,,,,,,,,,
1382166,2023,2023-07-16,"Shere Bangla National Stadium, Mirpur",1,38.4,Bangladesh,India,Sultana Khatun,Fahima Khatun,P Vastrakar,0,0,,,,,,,,,
1382166,2023,2023-07-16,"Shere Bangla National Stadium, Mirpur",1,38.5,Bangladesh,India,Sultana Khatun,Fahima Khatun,P Vastrakar,0,0,,,,,,,,,
1382166,2023,2023-07-16,"Shere Bangla National Stadium, Mirpur",1,38.6,Bangladesh,India,Sultana Khatun,Fahima Khatun,P Vastrakar,0,0,,,,,,,,,
1382166,2023,2023-07-16,"Shere Bangla National Stadium, Mirpur",1,39.1,Bangladesh,India,Fahima Khatun,Sultana Khatun,DP Vaidya,1,0,,,,,,,,,
1382166,2023,2023-07-16,"Shere Bangla National Stadium, Mirpur",1,39.2,Bangladesh,India,Sultana Khatun,Fahima Khatun,DP Vaidya,0,0,,,,,,,,,
1382166,2023,2023-07-16,"Shere Bangla National Stadium, Mirpur",1,39.3,Bangladesh,India,Sultana Khatun,Fahima Khatun,DP Vaidya,2,0,,,,,,,,,
1382166,2023,2023-07-16,"Shere Bangla National Stadium, Mirpur",1,39.4,Bangladesh,India,Sultana Khatun,Fahima Khatun,DP Vaidya,1,0,,,,,,,,,
1382166,2023,2023-07-16,"Shere Bangla National Stadium, Mirpur",1,39.5,Bangladesh,India,Fahima Khatun,Sultana Khatun,DP Vaidya,1,0,,,,,,,,,
1382166,2023,2023-07-16,"Shere Bangla National Stadium, Mirpur",1,39.6,Bangladesh,India,Sultana Khatun,Fahima Khatun,DP Vaidya,0,0,,,,,,bowled,Sultana Khatun,,
1382166,2023,2023-07-16,"Shere Bangla National Stadium, Mirpur",1,40.1,Bangladesh,India,Fahima Khatun,Marufa Akter,S Rana,0,0,,,,,,,,,
1382166,2023,2023-07-16,"Shere Bangla National Stadium, Mirpur",1,40.2,Bangladesh,India,Fahima Khatun,Marufa Akter,S Rana,0,0,,,,,,,,,
1382166,2023,2023-07-16,"Shere Bangla National Stadium, Mirpur",1,40.3,Bangladesh,India,Fahima Khatun,Marufa Akter,S Rana,0,0,,,,,,,,,
1382166,2023,2023-07-16,"Shere Bangla National Stadium, Mirpur",1,40.4,Bangladesh,India,Fahima Khatun,Marufa Akter,S Rana,0,0,,,,,,,,,
1382166,2023,2023-07-16,"Shere Bangla National Stadium, Mirpur",1,40.5,Bangladesh,India,Fahima Khatun,Marufa Akter,S Rana,1,0,,,,,,,,,
1382166,2023,2023-07-16,"Shere Bangla National Stadium, Mirpur",1,40.6,Bangladesh,India,Marufa Akter,Fahima Khatun,S Rana,0,0,,,,,,,,,
1382166,2023,2023-07-16,"Shere Bangla National Stadium, Mirpur",1,41.1,Bangladesh,India,Fahima Khatun,Marufa Akter,DB Sharma,1,0,,,,,,,,,
1382166,2023,2023-07-16,"Shere Bangla National Stadium, Mirpur",1,41.2,Bangladesh,India,Marufa Akter,Fahima Khatun,DB Sharma,0,0,,,,,,,,,
1382166,2023,2023-07-16,"Shere Bangla National Stadium, Mirpur",1,41.3,Bangladesh,India,Marufa Akter,Fahima Khatun,DB Sharma,0,0,,,,,,,,,
1382166,2023,2023-07-16,"Shere Bangla National Stadium, Mirpur",1,41.4,Bangladesh,India,Marufa Akter,Fahima Khatun,DB Sharma,0,0,,,,,,,,,
1382166,2023,2023-07-16,"Shere Bangla National Stadium, Mirpur",1,41.5,Bangladesh,India,Marufa Akter,Fahima Khatun,DB Sharma,4,0,,,,,,,,,
1382166,2023,2023-07-16,"Shere Bangla National Stadium, Mirpur",1,41.6,Bangladesh,India,Marufa Akter,Fahima Khatun,DB Sharma,1,0,,,,,,,,,
1382166,2023,2023-07-16,"Shere Bangla National Stadium, Mirpur",1,42.1,Bangladesh,India,Marufa Akter,Fahima Khatun,S Rana,1,0,,,,,,,,,
1382166,2023,2023-07-16,"Shere Bangla National Stadium, Mirpur",1,42.2,Bangladesh,India,Fahima Khatun,Marufa Akter,S Rana,2,0,,,,,,,,,
1382166,2023,2023-07-16,"Shere Bangla National Stadium, Mirpur",1,42.3,Bangladesh,India,Fahima Khatun,Marufa Akter,S Rana,0,0,,,,,,,,,
1382166,2023,2023-07-16,"Shere Bangla National Stadium, Mirpur",1,42.4,Bangladesh,India,Fahima Khatun,Marufa Akter,S Rana,0,0,,,,,,,,,
1382166,2023,2023-07-16,"Shere Bangla National Stadium, Mirpur",1,42.5,Bangladesh,India,Fahima Khatun,Marufa Akter,S Rana,0,0,,,,,,,,,
1382166,2023,2023-07-16,"Shere Bangla National Stadium, Mirpur",1,42.6,Bangladesh,India,Fahima Khatun,Marufa Akter,S Rana,0,0,,,,,,run out,Marufa Akter,,
1382166,2023,2023-07-16,"Shere Bangla National Stadium, Mirpur",2,0.1,India,Bangladesh,PS Punia,S Mandhana,Marufa Akter,1,0,,,,,,,,,
1382166,2023,2023-07-16,"Shere Bangla National Stadium, Mirpur",2,0.2,India,Bangladesh,S Mandhana,PS Punia,Marufa Akter,4,0,,,,,,,,,
1382166,2023,2023-07-16,"Shere Bangla National Stadium, Mirpur",2,0.3,India,Bangladesh,S Mandhana,PS Punia,Marufa Akter,0,0,,,,,,,,,
1382166,2023,2023-07-16,"Shere Bangla National Stadium, Mirpur",2,0.4,India,Bangladesh,S Mandhana,PS Punia,Marufa Akter,0,0,,,,,,,,,
1382166,2023,2023-07-16,"Shere Bangla National Stadium, Mirpur",2,0.5,India,Bangladesh,S Mandhana,PS Punia,Marufa Akter,0,0,,,,,,,,,
1382166,2023,2023-07-16,"Shere Bangla National Stadium, Mirpur",2,0.6,India,Bangladesh,S Mandhana,PS Punia,Marufa Akter,2,0,,,,,,,,,
1382166,2023,2023-07-16,"Shere Bangla National Stadium, Mirpur",2,1.1,India,Bangladesh,PS Punia,S Mandhana,Nahida Akter,1,0,,,,,,,,,
1382166,2023,2023-07-16,"Shere Bangla National Stadium, Mirpur",2,1.2,India,Bangladesh,S Mandhana,PS Punia,Nahida Akter,1,0,,,,,,,,,
1382166,2023,2023-07-16,"Shere Bangla National Stadium, Mirpur",2,1.3,India,Bangladesh,PS Punia,S Mandhana,Nahida Akter,0,0,,,,,,,,,
1382166,2023,2023-07-16,"Shere Bangla National Stadium, Mirpur",2,1.4,India,Bangladesh,PS Punia,S Mandhana,Nahida Akter,0,0,,,,,,,,,
1382166,2023,2023-07-16,"Shere Bangla National Stadium, Mirpur",2,1.5,India,Bangladesh,PS Punia,S Mandhana,Nahida Akter,0,0,,,,,,,,,
1382166,2023,2023-07-16,"Shere Bangla National Stadium, Mirpur",2,1.6,India,Bangladesh,PS Punia,S Mandhana,Nahida Akter,0,0,,,,,,,,,
1382166,2023,2023-07-16,"Shere Bangla National Stadium, Mirpur",2,2.1,India,Bangladesh,S Mandhana,PS Punia,Marufa Akter,4,0,,,,,,,,,
1382166,2023,2023-07-16,"Shere Bangla National Stadium, Mirpur",2,2.2,India,Bangladesh,S Mandhana,PS Punia,Marufa Akter,0,0,,,,,,,,,
1382166,2023,2023-07-16,"Shere Bangla National Stadium, Mirpur",2,2.3,India,Bangladesh,S Mandhana,PS Punia,Marufa Akter,0,0,,,,,,,,,
1382166,2023,2023-07-16,"Shere Bangla National Stadium, Mirpur",2,2.4,India,Bangladesh,S Mandhana,PS Punia,Marufa Akter,0,0,,,,,,,,,
1382166,2023,2023-07-16,"Shere Bangla National Stadium, Mirpur",2,2.5,India,Bangladesh,S Mandhana,PS Punia,Marufa Akter,0,0,,,,,,,,,
1382166,2023,2023-07-16,"Shere Bangla National Stadium, Mirpur",2,2.6,India,Bangladesh,S Mandhana,PS Punia,Marufa Akter,0,0,,,,,,caught,S Mandhana,,
1382166,2023,2023-07-16,"Shere Bangla National Stadium, Mirpur",2,3.1,India,Bangladesh,PS Punia,YH Bhatia,Sultana Khatun,1,0,,,,,,,,,
1382166,2023,2023-07-16,"Shere Bangla National Stadium, Mirpur",2,3.2,India,Bangladesh,YH Bhatia,PS Punia,Sultana Khatun,1,0,,,,,,,,,
1382166,2023,2023-07-16,"Shere Bangla National Stadium, Mirpur",2,3.3,India,Bangladesh,PS Punia,YH Bhatia,Sultana Khatun,4,0,,,,,,,,,
1382166,2023,2023-07-16,"Shere Bangla National Stadium, Mirpur",2,3.4,India,Bangladesh,PS Punia,YH Bhatia,Sultana Khatun,0,0,,,,,,,,,
1382166,2023,2023-07-16,"Shere Bangla National Stadium, Mirpur",2,3.5,India,Bangladesh,PS Punia,YH Bhatia,Sultana Khatun,0,0,,,,,,,,,
1382166,2023,2023-07-16,"Shere Bangla National Stadium, Mirpur",2,3.6,India,Bangladesh,PS Punia,YH Bhatia,Sultana Khatun,0,0,,,,,,,,,
1382166,2023,2023-07-16,"Shere Bangla National Stadium, Mirpur",2,4.1,India,Bangladesh,YH Bhatia,PS Punia,Marufa Akter,0,0,,,,,,,,,
1382166,2023,2023-07-16,"Shere Bangla National Stadium, Mirpur",2,4.2,India,Bangladesh,YH Bhatia,PS Punia,Marufa Akter,4,0,,,,,,,,,
1382166,2023,2023-07-16,"Shere Bangla National Stadium, Mirpur",2,4.3,India,Bangladesh,YH Bhatia,PS Punia,Marufa Akter,0,0,,,,,,,,,
1382166,2023,2023-07-16,"Shere Bangla National Stadium, Mirpur",2,4.4,India,Bangladesh,YH Bhatia,PS Punia,Marufa Akter,1,0,,,,,,,,,
1382166,2023,2023-07-16,"Shere Bangla National Stadium, Mirpur",2,4.5,India,Bangladesh,PS Punia,YH Bhatia,Marufa Akter,0,0,,,,,,,,,
1382166,2023,2023-07-16,"Shere Bangla National Stadium, Mirpur",2,4.6,India,Bangladesh,PS Punia,YH Bhatia,Marufa Akter,0,0,,,,,,,,,
1382166,2023,2023-07-16,"Shere Bangla National Stadium, Mirpur",2,5.1,India,Bangladesh,YH Bhatia,PS Punia,Sultana Khatun,1,0,,,,,,,,,
1382166,2023,2023-07-16,"Shere Bangla National Stadium, Mirpur",2,5.2,India,Bangladesh,PS Punia,YH Bhatia,Sultana Khatun,1,0,,,,,,,,,
1382166,2023,2023-07-16,"Shere Bangla National Stadium, Mirpur",2,5.3,India,Bangladesh,YH Bhatia,PS Punia,Sultana Khatun,0,0,,,,,,,,,
1382166,2023,2023-07-16,"Shere Bangla National Stadium, Mirpur",2,5.4,India,Bangladesh,YH Bhatia,PS Punia,Sultana Khatun,1,0,,,,,,,,,
1382166,2023,2023-07-16,"Shere Bangla National Stadium, Mirpur",2,5.5,India,Bangladesh,PS Punia,YH Bhatia,Sultana Khatun,0,0,,,,,,,,,
1382166,2023,2023-07-16,"Shere Bangla National Stadium, Mirpur",2,5.6,India,Bangladesh,PS Punia,YH Bhatia,Sultana Khatun,0,0,,,,,,,,,
1382166,2023,2023-07-16,"Shere Bangla National Stadium, Mirpur",2,6.1,India,Bangladesh,YH Bhatia,PS Punia,Marufa Akter,1,0,,,,,,,,,
1382166,2023,2023-07-16,"Shere Bangla National Stadium, Mirpur",2,6.2,India,Bangladesh,PS Punia,YH Bhatia,Marufa Akter,0,0,,,,,,,,,
1382166,2023,2023-07-16,"Shere Bangla National Stadium, Mirpur",2,6.3,India,Bangladesh,PS Punia,YH Bhatia,Marufa Akter,0,0,,,,,,,,,
1382166,2023,2023-07-16,"Shere Bangla National Stadium, Mirpur",2,6.4,India,Bangladesh,PS Punia,YH Bhatia,Marufa Akter,0,0,,,,,,,,,
1382166,2023,2023-07-16,"Shere Bangla National Stadium, Mirpur",2,6.5,India,Bangladesh,PS Punia,YH Bhatia,Marufa Akter,1,0,,,,,,,,,
1382166,2023,2023-07-16,"Shere Bangla National Stadium, Mirpur",2,6.6,India,Bangladesh,YH Bhatia,PS Punia,Marufa Akter,0,0,,,,,,,,,
1382166,2023,2023-07-16,"Shere Bangla National Stadium, Mirpur",2,7.1,India,Bangladesh,PS Punia,YH Bhatia,Sultana Khatun,0,0,,,,,,,,,
1382166,2023,2023-07-16,"Shere Bangla National Stadium, Mirpur",2,7.2,India,Bangladesh,PS Punia,YH Bhatia,Sultana Khatun,0,0,,,,,,,,,
1382166,2023,2023-07-16,"Shere Bangla National Stadium, Mirpur",2,7.3,India,Bangladesh,PS Punia,YH Bhatia,Sultana Khatun,0,0,,,,,,,,,
1382166,2023,2023-07-16,"Shere Bangla National Stadium, Mirpur",2,7.4,India,Bangladesh,PS Punia,YH Bhatia,Sultana Khatun,0,0,,,,,,,,,
1382166,2023,2023-07-16,"Shere Bangla National Stadium, Mirpur",2,7.5,India,Bangladesh,PS Punia,YH Bhatia,Sultana Khatun,0,0,,,,,,,,,
1382166,2023,2023-07-16,"Shere Bangla National Stadium, Mirpur",2,7.6,India,Bangladesh,PS Punia,YH Bhatia,Sultana Khatun,1,0,,,,,,,,,
1382166,2023,2023-07-16,"Shere Bangla National Stadium, Mirpur",2,8.1,India,Bangladesh,PS Punia,YH Bhatia,Marufa Akter,0,0,,,,,,caught,PS Punia,,
1382166,2023,2023-07-16,"Shere Bangla National Stadium, Mirpur",2,8.2,India,Bangladesh,H Kaur,YH Bhatia,Marufa Akter,0,0,,,,,,,,,
1382166,2023,2023-07-16,"Shere Bangla National Stadium, Mirpur",2,8.3,India,Bangladesh,H Kaur,YH Bhatia,Marufa Akter,0,0,,,,,,,,,
1382166,2023,2023-07-16,"Shere Bangla National Stadium, Mirpur",2,8.4,India,Bangladesh,H Kaur,YH Bhatia,Marufa Akter,1,0,,,,,,,,,
1382166,2023,2023-07-16,"Shere Bangla National Stadium, Mirpur",2,8.5,India,Bangladesh,YH Bhatia,H Kaur,Marufa Akter,0,0,,,,,,,,,
1382166,2023,2023-07-16,"Shere Bangla National Stadium, Mirpur",2,8.6,India,Bangladesh,YH Bhatia,H Kaur,Marufa Akter,1,0,,,,,,,,,
1382166,2023,2023-07-16,"Shere Bangla National Stadium, Mirpur",2,9.1,India,Bangladesh,YH Bhatia,H Kaur,Nahida Akter,0,0,,,,,,,,,
1382166,2023,2023-07-16,"Shere Bangla National Stadium, Mirpur",2,9.2,India,Bangladesh,YH Bhatia,H Kaur,Nahida Akter,0,0,,,,,,,,,
1382166,2023,2023-07-16,"Shere Bangla National Stadium, Mirpur",2,9.3,India,Bangladesh,YH Bhatia,H Kaur,Nahida Akter,0,0,,,,,,,,,
1382166,2023,2023-07-16,"Shere Bangla National Stadium, Mirpur",2,9.4,India,Bangladesh,YH Bhatia,H Kaur,Nahida Akter,1,0,,,,,,,,,
1382166,2023,2023-07-16,"Shere Bangla National Stadium, Mirpur",2,9.5,India,Bangladesh,H Kaur,YH Bhatia,Nahida Akter,4,0,,,,,,,,,
1382166,2023,2023-07-16,"Shere Bangla National Stadium, Mirpur",2,9.6,India,Bangladesh,H Kaur,YH Bhatia,Nahida Akter,0,0,,,,,,lbw,H Kaur,,
1382166,2023,2023-07-16,"Shere Bangla National Stadium, Mirpur",2,10.1,India,Bangladesh,YH Bhatia,JI Rodrigues,Ritu Moni,0,1,1,,,,,,,,
1382166,2023,2023-07-16,"Shere Bangla National Stadium, Mirpur",2,10.2,India,Bangladesh,YH Bhatia,JI Rodrigues,Ritu Moni,1,0,,,,,,,,,
1382166,2023,2023-07-16,"Shere Bangla National Stadium, Mirpur",2,10.3,India,Bangladesh,JI Rodrigues,YH Bhatia,Ritu Moni,0,0,,,,,,,,,
1382166,2023,2023-07-16,"Shere Bangla National Stadium, Mirpur",2,10.4,India,Bangladesh,JI Rodrigues,YH Bhatia,Ritu Moni,0,0,,,,,,,,,
1382166,2023,2023-07-16,"Shere Bangla National Stadium, Mirpur",2,10.5,India,Bangladesh,JI Rodrigues,YH Bhatia,Ritu Moni,0,0,,,,,,,,,
1382166,2023,2023-07-16,"Shere Bangla National Stadium, Mirpur",2,10.6,India,Bangladesh,JI Rodrigues,YH Bhatia,Ritu Moni,1,0,,,,,,,,,
1382166,2023,2023-07-16,"Shere Bangla National Stadium, Mirpur",2,10.7,India,Bangladesh,YH Bhatia,JI Rodrigues,Ritu Moni,1,0,,,,,,,,,
1382166,2023,2023-07-16,"Shere Bangla National Stadium, Mirpur",2,11.1,India,Bangladesh,YH Bhatia,JI Rodrigues,Nahida Akter,1,0,,,,,,,,,
1382166,2023,2023-07-16,"Shere Bangla National Stadium, Mirpur",2,11.2,India,Bangladesh,JI Rodrigues,YH Bhatia,Nahida Akter,0,0,,,,,,,,,
1382166,2023,2023-07-16,"Shere Bangla National Stadium, Mirpur",2,11.3,India,Bangladesh,JI Rodrigues,YH Bhatia,Nahida Akter,0,0,,,,,,,,,
1382166,2023,2023-07-16,"Shere Bangla National Stadium, Mirpur",2,11.4,India,Bangladesh,JI Rodrigues,YH Bhatia,Nahida Akter,0,0,,,,,,,,,
1382166,2023,2023-07-16,"Shere Bangla National Stadium, Mirpur",2,11.5,India,Bangladesh,JI Rodrigues,YH Bhatia,Nahida Akter,0,0,,,,,,,,,
1382166,2023,2023-07-16,"Shere Bangla National Stadium, Mirpur",2,11.6,India,Bangladesh,JI Rodrigues,YH Bhatia,Nahida Akter,0,0,,,,,,,,,
1382166,2023,2023-07-16,"Shere Bangla National Stadium, Mirpur",2,12.1,India,Bangladesh,YH Bhatia,JI Rodrigues,Rabeya Khan,0,0,,,,,,,,,
1382166,2023,2023-07-16,"Shere Bangla National Stadium, Mirpur",2,12.2,India,Bangladesh,YH Bhatia,JI Rodrigues,Rabeya Khan,0,0,,,,,,,,,
1382166,2023,2023-07-16,"Shere Bangla National Stadium, Mirpur",2,12.3,India,Bangladesh,YH Bhatia,JI Rodrigues,Rabeya Khan,0,0,,,,,,,,,
1382166,2023,2023-07-16,"Shere Bangla National Stadium, Mirpur",2,12.4,India,Bangladesh,YH Bhatia,JI Rodrigues,Rabeya Khan,1,0,,,,,,,,,
1382166,2023,2023-07-16,"Shere Bangla National Stadium, Mirpur",2,12.5,India,Bangladesh,JI Rodrigues,YH Bhatia,Rabeya Khan,1,0,,,,,,,,,
1382166,2023,2023-07-16,"Shere Bangla National Stadium, Mirpur",2,12.6,India,Bangladesh,YH Bhatia,JI Rodrigues,Rabeya Khan,0,0,,,,,,bowled,YH Bhatia,,
1382166,2023,2023-07-16,"Shere Bangla National Stadium, Mirpur",2,13.1,India,Bangladesh,JI Rodrigues,DB Sharma,Nahida Akter,0,0,,,,,,,,,
1382166,2023,2023-07-16,"Shere Bangla National Stadium, Mirpur",2,13.2,India,Bangladesh,JI Rodrigues,DB Sharma,Nahida Akter,1,0,,,,,,,,,
1382166,2023,2023-07-16,"Shere Bangla National Stadium, Mirpur",2,13.3,India,Bangladesh,DB Sharma,JI Rodrigues,Nahida Akter,0,0,,,,,,,,,
1382166,2023,2023-07-16,"Shere Bangla National Stadium, Mirpur",2,13.4,India,Bangladesh,DB Sharma,JI Rodrigues,Nahida Akter,1,0,,,,,,,,,
1382166,2023,2023-07-16,"Shere Bangla National Stadium, Mirpur",2,13.5,India,Bangladesh,JI Rodrigues,DB Sharma,Nahida Akter,0,0,,,,,,,,,
1382166,2023,2023-07-16,"Shere Bangla National Stadium, Mirpur",2,13.6,India,Bangladesh,JI Rodrigues,DB Sharma,Nahida Akter,0,0,,,,,,,,,
1382166,2023,2023-07-16,"Shere Bangla National Stadium, Mirpur",2,14.1,India,Bangladesh,DB Sharma,JI Rodrigues,Rabeya Khan,1,0,,,,,,,,,
1382166,2023,2023-07-16,"Shere Bangla National Stadium, Mirpur",2,14.2,India,Bangladesh,JI Rodrigues,DB Sharma,Rabeya Khan,1,0,,,,,,,,,
1382166,2023,2023-07-16,"Shere Bangla National Stadium, Mirpur",2,14.3,India,Bangladesh,DB Sharma,JI Rodrigues,Rabeya Khan,0,2,2,,,,,,,,
1382166,2023,2023-07-16,"Shere Bangla National Stadium, Mirpur",2,14.4,India,Bangladesh,JI Rodrigues,DB Sharma,Rabeya Khan,0,0,,,,,,,,,
1382166,2023,2023-07-16,"Shere Bangla National Stadium, Mirpur",2,14.5,India,Bangladesh,JI Rodrigues,DB Sharma,Rabeya Khan,1,0,,,,,,,,,
1382166,2023,2023-07-16,"Shere Bangla National Stadium, Mirpur",2,14.6,India,Bangladesh,DB Sharma,JI Rodrigues,Rabeya Khan,0,0,,,,,,,,,
1382166,2023,2023-07-16,"Shere Bangla National Stadium, Mirpur",2,14.7,India,Bangladesh,DB Sharma,JI Rodrigues,Rabeya Khan,0,2,2,,,,,,,,
1382166,2023,2023-07-16,"Shere Bangla National Stadium, Mirpur",2,14.8,India,Bangladesh,JI Rodrigues,DB Sharma,Rabeya Khan,1,0,,,,,,,,,
1382166,2023,2023-07-16,"Shere Bangla National Stadium, Mirpur",2,15.1,India,Bangladesh,JI Rodrigues,DB Sharma,Nahida Akter,0,0,,,,,,,,,
1382166,2023,2023-07-16,"Shere Bangla National Stadium, Mirpur",2,15.2,India,Bangladesh,JI Rodrigues,DB Sharma,Nahida Akter,0,0,,,,,,,,,
1382166,2023,2023-07-16,"Shere Bangla National Stadium, Mirpur",2,15.3,India,Bangladesh,JI Rodrigues,DB Sharma,Nahida Akter,1,0,,,,,,,,,
1382166,2023,2023-07-16,"Shere Bangla National Stadium, Mirpur",2,15.4,India,Bangladesh,DB Sharma,JI Rodrigues,Nahida Akter,1,0,,,,,,,,,
1382166,2023,2023-07-16,"Shere Bangla National Stadium, Mirpur",2,15.5,India,Bangladesh,JI Rodrigues,DB Sharma,Nahida Akter,1,0,,,,,,,,,
1382166,2023,2023-07-16,"Shere Bangla National Stadium, Mirpur",2,15.6,India,Bangladesh,DB Sharma,JI Rodrigues,Nahida Akter,0,0,,,,,,,,,
1382166,2023,2023-07-16,"Shere Bangla National Stadium, Mirpur",2,16.1,India,Bangladesh,JI Rodrigues,DB Sharma,Rabeya Khan,1,0,,,,,,,,,
1382166,2023,2023-07-16,"Shere Bangla National Stadium, Mirpur",2,16.2,India,Bangladesh,DB Sharma,JI Rodrigues,Rabeya Khan,1,0,,,,,,,,,
1382166,2023,2023-07-16,"Shere Bangla National Stadium, Mirpur",2,16.3,India,Bangladesh,JI Rodrigues,DB Sharma,Rabeya Khan,1,0,,,,,,,,,
1382166,2023,2023-07-16,"Shere Bangla National Stadium, Mirpur",2,16.4,India,Bangladesh,DB Sharma,JI Rodrigues,Rabeya Khan,1,0,,,,,,,,,
1382166,2023,2023-07-16,"Shere Bangla National Stadium, Mirpur",2,16.5,India,Bangladesh,JI Rodrigues,DB Sharma,Rabeya Khan,0,0,,,,,,,,,
1382166,2023,2023-07-16,"Shere Bangla National Stadium, Mirpur",2,16.6,India,Bangladesh,JI Rodrigues,DB Sharma,Rabeya Khan,0,0,,,,,,caught,JI Rodrigues,,
1382166,2023,2023-07-16,"Shere Bangla National Stadium, Mirpur",2,17.1,India,Bangladesh,DB Sharma,AB Kaur,Fahima Khatun,0,0,,,,,,,,,
1382166,2023,2023-07-16,"Shere Bangla National Stadium, Mirpur",2,17.2,India,Bangladesh,DB Sharma,AB Kaur,Fahima Khatun,0,0,,,,,,,,,
1382166,2023,2023-07-16,"Shere Bangla National Stadium, Mirpur",2,17.3,India,Bangladesh,DB Sharma,AB Kaur,Fahima Khatun,2,0,,,,,,,,,
1382166,2023,2023-07-16,"Shere Bangla National Stadium, Mirpur",2,17.4,India,Bangladesh,DB Sharma,AB Kaur,Fahima Khatun,0,0,,,,,,,,,
1382166,2023,2023-07-16,"Shere Bangla National Stadium, Mirpur",2,17.5,India,Bangladesh,DB Sharma,AB Kaur,Fahima Khatun,0,0,,,,,,,,,
1382166,2023,2023-07-16,"Shere Bangla National Stadium, Mirpur",2,17.6,India,Bangladesh,DB Sharma,AB Kaur,Fahima Khatun,1,0,,,,,,,,,
1382166,2023,2023-07-16,"Shere Bangla National Stadium, Mirpur",2,18.1,India,Bangladesh,DB Sharma,AB Kaur,Rabeya Khan,0,0,,,,,,,,,
1382166,2023,2023-07-16,"Shere Bangla National Stadium, Mirpur",2,18.2,India,Bangladesh,DB Sharma,AB Kaur,Rabeya Khan,0,0,,,,,,,,,
1382166,2023,2023-07-16,"Shere Bangla National Stadium, Mirpur",2,18.3,India,Bangladesh,DB Sharma,AB Kaur,Rabeya Khan,1,0,,,,,,,,,
1382166,2023,2023-07-16,"Shere Bangla National Stadium, Mirpur",2,18.4,India,Bangladesh,AB Kaur,DB Sharma,Rabeya Khan,1,0,,,,,,,,,
1382166,2023,2023-07-16,"Shere Bangla National Stadium, Mirpur",2,18.5,India,Bangladesh,DB Sharma,AB Kaur,Rabeya Khan,0,0,,,,,,,,,
1382166,2023,2023-07-16,"Shere Bangla National Stadium, Mirpur",2,18.6,India,Bangladesh,DB Sharma,AB Kaur,Rabeya Khan,0,0,,,,,,,,,
1382166,2023,2023-07-16,"Shere Bangla National Stadium, Mirpur",2,19.1,India,Bangladesh,AB Kaur,DB Sharma,Fahima Khatun,0,0,,,,,,,,,
1382166,2023,2023-07-16,"Shere Bangla National Stadium, Mirpur",2,19.2,India,Bangladesh,AB Kaur,DB Sharma,Fahima Khatun,0,0,,,,,,,,,
1382166,2023,2023-07-16,"Shere Bangla National Stadium, Mirpur",2,19.3,India,Bangladesh,AB Kaur,DB Sharma,Fahima Khatun,0,0,,,,,,,,,
1382166,2023,2023-07-16,"Shere Bangla National Stadium, Mirpur",2,19.4,India,Bangladesh,AB Kaur,DB Sharma,Fahima Khatun,0,0,,,,,,,,,
1382166,2023,2023-07-16,"Shere Bangla National Stadium, Mirpur",2,19.5,India,Bangladesh,AB Kaur,DB Sharma,Fahima Khatun,0,0,,,,,,,,,
1382166,2023,2023-07-16,"Shere Bangla National Stadium, Mirpur",2,19.6,India,Bangladesh,AB Kaur,DB Sharma,Fahima Khatun,0,0,,,,,,,,,
1382166,2023,2023-07-16,"Shere Bangla National Stadium, Mirpur",2,20.1,India,Bangladesh,DB Sharma,AB Kaur,Rabeya Khan,1,0,,,,,,,,,
1382166,2023,2023-07-16,"Shere Bangla National Stadium, Mirpur",2,20.2,India,Bangladesh,AB Kaur,DB Sharma,Rabeya Khan,0,0,,,,,,,,,
1382166,2023,2023-07-16,"Shere Bangla National Stadium, Mirpur",2,20.3,India,Bangladesh,AB Kaur,DB Sharma,Rabeya Khan,0,0,,,,,,,,,
1382166,2023,2023-07-16,"Shere Bangla National Stadium, Mirpur",2,20.4,India,Bangladesh,AB Kaur,DB Sharma,Rabeya Khan,0,0,,,,,,,,,
1382166,2023,2023-07-16,"Shere Bangla National Stadium, Mirpur",2,20.5,India,Bangladesh,AB Kaur,DB Sharma,Rabeya Khan,0,0,,,,,,,,,
1382166,2023,2023-07-16,"Shere Bangla National Stadium, Mirpur",2,20.6,India,Bangladesh,AB Kaur,DB Sharma,Rabeya Khan,1,0,,,,,,,,,
1382166,2023,2023-07-16,"Shere Bangla National Stadium, Mirpur",2,21.1,India,Bangladesh,AB Kaur,DB Sharma,Fahima Khatun,1,0,,,,,,,,,
1382166,2023,2023-07-16,"Shere Bangla National Stadium, Mirpur",2,21.2,India,Bangladesh,DB Sharma,AB Kaur,Fahima Khatun,0,0,,,,,,,,,
1382166,2023,2023-07-16,"Shere Bangla National Stadium, Mirpur",2,21.3,India,Bangladesh,DB Sharma,AB Kaur,Fahima Khatun,3,0,,,,,,,,,
1382166,2023,2023-07-16,"Shere Bangla National Stadium, Mirpur",2,21.4,India,Bangladesh,AB Kaur,DB Sharma,Fahima Khatun,0,0,,,,,,,,,
1382166,2023,2023-07-16,"Shere Bangla National Stadium, Mirpur",2,21.5,India,Bangladesh,AB Kaur,DB Sharma,Fahima Khatun,0,0,,,,,,,,,
1382166,2023,2023-07-16,"Shere Bangla National Stadium, Mirpur",2,21.6,India,Bangladesh,AB Kaur,DB Sharma,Fahima Khatun,1,0,,,,,,,,,
1382166,2023,2023-07-16,"Shere Bangla National Stadium, Mirpur",2,22.1,India,Bangladesh,AB Kaur,DB Sharma,Sultana Khatun,0,0,,,,,,,,,
1382166,2023,2023-07-16,"Shere Bangla National Stadium, Mirpur",2,22.2,India,Bangladesh,AB Kaur,DB Sharma,Sultana Khatun,0,0,,,,,,,,,
1382166,2023,2023-07-16,"Shere Bangla National Stadium, Mirpur",2,22.3,India,Bangladesh,AB Kaur,DB Sharma,Sultana Khatun,0,0,,,,,,,,,
1382166,2023,2023-07-16,"Shere Bangla National Stadium, Mirpur",2,22.4,India,Bangladesh,AB Kaur,DB Sharma,Sultana Khatun,1,0,,,,,,,,,
1382166,2023,2023-07-16,"Shere Bangla National Stadium, Mirpur",2,22.5,India,Bangladesh,DB Sharma,AB Kaur,Sultana Khatun,0,0,,,,,,,,,
1382166,2023,2023-07-16,"Shere Bangla National Stadium, Mirpur",2,22.6,India,Bangladesh,DB Sharma,AB Kaur,Sultana Khatun,1,0,,,,,,,,,
1382166,2023,2023-07-16,"Shere Bangla National Stadium, Mirpur",2,23.1,India,Bangladesh,DB Sharma,AB Kaur,Fahima Khatun,1,0,,,,,,,,,
1382166,2023,2023-07-16,"Shere Bangla National Stadium, Mirpur",2,23.2,India,Bangladesh,AB Kaur,DB Sharma,Fahima Khatun,1,0,,,,,,,,,
1382166,2023,2023-07-16,"Shere Bangla National Stadium, Mirpur",2,23.3,India,Bangladesh,DB Sharma,AB Kaur,Fahima Khatun,1,0,,,,,,,,,
1382166,2023,2023-07-16,"Shere Bangla National Stadium, Mirpur",2,23.4,India,Bangladesh,AB Kaur,DB Sharma,Fahima Khatun,1,0,,,,,,,,,
1382166,2023,2023-07-16,"Shere Bangla National Stadium, Mirpur",2,23.5,India,Bangladesh,DB Sharma,AB Kaur,Fahima Khatun,0,0,,,,,,,,,
1382166,2023,2023-07-16,"Shere Bangla National Stadium, Mirpur",2,23.6,India,Bangladesh,DB Sharma,AB Kaur,Fahima Khatun,1,0,,,,,,,,,
1382166,2023,2023-07-16,"Shere Bangla National Stadium, Mirpur",2,24.1,India,Bangladesh,DB Sharma,AB Kaur,Sultana Khatun,0,0,,,,,,,,,
1382166,2023,2023-07-16,"Shere Bangla National Stadium, Mirpur",2,24.2,India,Bangladesh,DB Sharma,AB Kaur,Sultana Khatun,0,0,,,,,,,,,
1382166,2023,2023-07-16,"Shere Bangla National Stadium, Mirpur",2,24.3,India,Bangladesh,DB Sharma,AB Kaur,Sultana Khatun,1,0,,,,,,,,,
1382166,2023,2023-07-16,"Shere Bangla National Stadium, Mirpur",2,24.4,India,Bangladesh,AB Kaur,DB Sharma,Sultana Khatun,0,0,,,,,,,,,
1382166,2023,2023-07-16,"Shere Bangla National Stadium, Mirpur",2,24.5,India,Bangladesh,AB Kaur,DB Sharma,Sultana Khatun,1,0,,,,,,,,,
1382166,2023,2023-07-16,"Shere Bangla National Stadium, Mirpur",2,24.6,India,Bangladesh,DB Sharma,AB Kaur,Sultana Khatun,0,0,,,,,,,,,
1382166,2023,2023-07-16,"Shere Bangla National Stadium, Mirpur",2,25.1,India,Bangladesh,AB Kaur,DB Sharma,Nahida Akter,0,0,,,,,,,,,
1382166,2023,2023-07-16,"Shere Bangla National Stadium, Mirpur",2,25.2,India,Bangladesh,AB Kaur,DB Sharma,Nahida Akter,0,0,,,,,,,,,
1382166,2023,2023-07-16,"Shere Bangla National Stadium, Mirpur",2,25.3,India,Bangladesh,AB Kaur,DB Sharma,Nahida Akter,0,0,,,,,,,,,
1382166,2023,2023-07-16,"Shere Bangla National Stadium, Mirpur",2,25.4,India,Bangladesh,AB Kaur,DB Sharma,Nahida Akter,0,0,,,,,,,,,
1382166,2023,2023-07-16,"Shere Bangla National Stadium, Mirpur",2,25.5,India,Bangladesh,AB Kaur,DB Sharma,Nahida Akter,0,0,,,,,,,,,
1382166,2023,2023-07-16,"Shere Bangla National Stadium, Mirpur",2,25.6,India,Bangladesh,AB Kaur,DB Sharma,Nahida Akter,1,0,,,,,,,,,
1382166,2023,2023-07-16,"Shere Bangla National Stadium, Mirpur",2,26.1,India,Bangladesh,AB Kaur,DB Sharma,Sultana Khatun,0,0,,,,,,,,,
1382166,2023,2023-07-16,"Shere Bangla National Stadium, Mirpur",2,26.2,India,Bangladesh,AB Kaur,DB Sharma,Sultana Khatun,0,0,,,,,,,,,
1382166,2023,2023-07-16,"Shere Bangla National Stadium, Mirpur",2,26.3,India,Bangladesh,AB Kaur,DB Sharma,Sultana Khatun,0,0,,,,,,,,,
1382166,2023,2023-07-16,"Shere Bangla National Stadium, Mirpur",2,26.4,India,Bangladesh,AB Kaur,DB Sharma,Sultana Khatun,1,0,,,,,,,,,
1382166,2023,2023-07-16,"Shere Bangla National Stadium, Mirpur",2,26.5,India,Bangladesh,DB Sharma,AB Kaur,Sultana Khatun,0,0,,,,,,,,,
1382166,2023,2023-07-16,"Shere Bangla National Stadium, Mirpur",2,26.6,India,Bangladesh,DB Sharma,AB Kaur,Sultana Khatun,1,0,,,,,,,,,
1382166,2023,2023-07-16,"Shere Bangla National Stadium, Mirpur",2,27.1,India,Bangladesh,DB Sharma,AB Kaur,Nahida Akter,1,0,,,,,,,,,
1382166,2023,2023-07-16,"Shere Bangla National Stadium, Mirpur",2,27.2,India,Bangladesh,AB Kaur,DB Sharma,Nahida Akter,1,0,,,,,,,,,
1382166,2023,2023-07-16,"Shere Bangla National Stadium, Mirpur",2,27.3,India,Bangladesh,DB Sharma,AB Kaur,Nahida Akter,0,0,,,,,,,,,
1382166,2023,2023-07-16,"Shere Bangla National Stadium, Mirpur",2,27.4,India,Bangladesh,DB Sharma,AB Kaur,Nahida Akter,0,0,,,,,,,,,
1382166,2023,2023-07-16,"Shere Bangla National Stadium, Mirpur",2,27.5,India,Bangladesh,DB Sharma,AB Kaur,Nahida Akter,0,0,,,,,,,,,
1382166,2023,2023-07-16,"Shere Bangla National Stadium, Mirpur",2,27.6,India,Bangladesh,DB Sharma,AB Kaur,Nahida Akter,0,0,,,,,,,,,
1382166,2023,2023-07-16,"Shere Bangla National Stadium, Mirpur",2,28.1,India,Bangladesh,AB Kaur,DB Sharma,Marufa Akter,0,0,,,,,,,,,
1382166,2023,2023-07-16,"Shere Bangla National Stadium, Mirpur",2,28.2,India,Bangladesh,AB Kaur,DB Sharma,Marufa Akter,0,0,,,,,,,,,
1382166,2023,2023-07-16,"Shere Bangla National Stadium, Mirpur",2,28.3,India,Bangladesh,AB Kaur,DB Sharma,Marufa Akter,0,0,,,,,,,,,
1382166,2023,2023-07-16,"Shere Bangla National Stadium, Mirpur",2,28.4,India,Bangladesh,AB Kaur,DB Sharma,Marufa Akter,4,0,,,,,,,,,
1382166,2023,2023-07-16,"Shere Bangla National Stadium, Mirpur",2,28.5,India,Bangladesh,AB Kaur,DB Sharma,Marufa Akter,0,0,,,,,,caught,AB Kaur,,
1382166,2023,2023-07-16,"Shere Bangla National Stadium, Mirpur",2,28.6,India,Bangladesh,S Rana,DB Sharma,Marufa Akter,0,0,,,,,,bowled,S Rana,,
1382166,2023,2023-07-16,"Shere Bangla National Stadium, Mirpur",2,29.1,India,Bangladesh,DB Sharma,DP Vaidya,Rabeya Khan,0,0,,,,,,caught,DB Sharma,,
1382166,2023,2023-07-16,"Shere Bangla National Stadium, Mirpur",2,29.2,India,Bangladesh,P Vastrakar,DP Vaidya,Rabeya Khan,0,0,,,,,,,,,
1382166,2023,2023-07-16,"Shere Bangla National Stadium, Mirpur",2,29.3,India,Bangladesh,P Vastrakar,DP Vaidya,Rabeya Khan,1,0,,,,,,,,,
1382166,2023,2023-07-16,"Shere Bangla National Stadium, Mirpur",2,29.4,India,Bangladesh,DP Vaidya,P Vastrakar,Rabeya Khan,0,0,,,,,,,,,
1382166,2023,2023-07-16,"Shere Bangla National Stadium, Mirpur",2,29.5,India,Bangladesh,DP Vaidya,P Vastrakar,Rabeya Khan,0,0,,,,,,,,,
1382166,2023,2023-07-16,"Shere Bangla National Stadium, Mirpur",2,29.6,India,Bangladesh,DP Vaidya,P Vastrakar,Rabeya Khan,0,0,,,,,,,,,
1382166,2023,2023-07-16,"Shere Bangla National Stadium, Mirpur",2,30.1,India,Bangladesh,P Vastrakar,DP Vaidya,Marufa Akter,0,0,,,,,,,,,
1382166,2023,2023-07-16,"Shere Bangla National Stadium, Mirpur",2,30.2,India,Bangladesh,P Vastrakar,DP Vaidya,Marufa Akter,0,1,1,,,,,,,,
1382166,2023,2023-07-16,"Shere Bangla National Stadium, Mirpur",2,30.3,India,Bangladesh,P Vastrakar,DP Vaidya,Marufa Akter,0,0,,,,,,,,,
1382166,2023,2023-07-16,"Shere Bangla National Stadium, Mirpur",2,30.4,India,Bangladesh,P Vastrakar,DP Vaidya,Marufa Akter,1,0,,,,,,,,,
1382166,2023,2023-07-16,"Shere Bangla National Stadium, Mirpur",2,30.5,India,Bangladesh,DP Vaidya,P Vastrakar,Marufa Akter,0,0,,,,,,,,,
1382166,2023,2023-07-16,"Shere Bangla National Stadium, Mirpur",2,30.6,India,Bangladesh,DP Vaidya,P Vastrakar,Marufa Akter,0,1,1,,,,,,,,
1382166,2023,2023-07-16,"Shere Bangla National Stadium, Mirpur",2,30.7,India,Bangladesh,DP Vaidya,P Vastrakar,Marufa Akter,1,0,,,,,,,,,
1382166,2023,2023-07-16,"Shere Bangla National Stadium, Mirpur",2,30.8,India,Bangladesh,P Vastrakar,DP Vaidya,Marufa Akter,1,0,,,,,,,,,
1382166,2023,2023-07-16,"Shere Bangla National Stadium, Mirpur",2,31.1,India,Bangladesh,P Vastrakar,DP Vaidya,Rabeya Khan,0,0,,,,,,,,,
1382166,2023,2023-07-16,"Shere Bangla National Stadium, Mirpur",2,31.2,India,Bangladesh,P Vastrakar,DP Vaidya,Rabeya Khan,3,0,,,,,,,,,
1382166,2023,2023-07-16,"Shere Bangla National Stadium, Mirpur",2,31.3,India,Bangladesh,DP Vaidya,P Vastrakar,Rabeya Khan,0,0,,,,,,,,,
1382166,2023,2023-07-16,"Shere Bangla National Stadium, Mirpur",2,31.4,India,Bangladesh,DP Vaidya,P Vastrakar,Rabeya Khan,0,0,,,,,,,,,
1382166,2023,2023-07-16,"Shere Bangla National Stadium, Mirpur",2,31.5,India,Bangladesh,DP Vaidya,P Vastrakar,Rabeya Khan,1,0,,,,,,,,,
1382166,2023,2023-07-16,"Shere Bangla National Stadium, Mirpur",2,31.6,India,Bangladesh,P Vastrakar,DP Vaidya,Rabeya Khan,0,0,,,,,,,,,
1382166,2023,2023-07-16,"Shere Bangla National Stadium, Mirpur",2,32.1,India,Bangladesh,DP Vaidya,P Vastrakar,Sultana Khatun,0,0,,,,,,,,,
1382166,2023,2023-07-16,"Shere Bangla National Stadium, Mirpur",2,32.2,India,Bangladesh,DP Vaidya,P Vastrakar,Sultana Khatun,0,0,,,,,,,,,
1382166,2023,2023-07-16,"Shere Bangla National Stadium, Mirpur",2,32.3,India,Bangladesh,DP Vaidya,P Vastrakar,Sultana Khatun,0,0,,,,,,,,,
1382166,2023,2023-07-16,"Shere Bangla National Stadium, Mirpur",2,32.4,India,Bangladesh,DP Vaidya,P Vastrakar,Sultana Khatun,0,0,,,,,,,,,
1382166,2023,2023-07-16,"Shere Bangla National Stadium, Mirpur",2,32.5,India,Bangladesh,DP Vaidya,P Vastrakar,Sultana Khatun,0,0,,,,,,,,,
1382166,2023,2023-07-16,"Shere Bangla National Stadium, Mirpur",2,32.6,India,Bangladesh,DP Vaidya,P Vastrakar,Sultana Khatun,0,0,,,,,,,,,
1382166,2023,2023-07-16,"Shere Bangla National Stadium, Mirpur",2,33.1,India,Bangladesh,P Vastrakar,DP Vaidya,Fahima Khatun,1,0,,,,,,,,,
1382166,2023,2023-07-16,"Shere Bangla National Stadium, Mirpur",2,33.2,India,Bangladesh,DP Vaidya,P Vastrakar,Fahima Khatun,0,0,,,,,,,,,
1382166,2023,2023-07-16,"Shere Bangla National Stadium, Mirpur",2,33.3,India,Bangladesh,DP Vaidya,P Vastrakar,Fahima Khatun,0,0,,,,,,,,,
1382166,2023,2023-07-16,"Shere Bangla National Stadium, Mirpur",2,33.4,India,Bangladesh,DP Vaidya,P Vastrakar,Fahima Khatun,0,0,,,,,,,,,
1382166,2023,2023-07-16,"Shere Bangla National Stadium, Mirpur",2,33.5,India,Bangladesh,DP Vaidya,P Vastrakar,Fahima Khatun,0,0,,,,,,,,,
1382166,2023,2023-07-16,"Shere Bangla National Stadium, Mirpur",2,33.6,India,Bangladesh,DP Vaidya,P Vastrakar,Fahima Khatun,0,0,,,,,,,,,
1382166,2023,2023-07-16,"Shere Bangla National Stadium, Mirpur",2,34.1,India,Bangladesh,P Vastrakar,DP Vaidya,Sultana Khatun,0,0,,,,,,caught,P Vastrakar,,
1382166,2023,2023-07-16,"Shere Bangla National Stadium, Mirpur",2,34.2,India,Bangladesh,BM Anusha,DP Vaidya,Sultana Khatun,0,0,,,,,,,,,
1382166,2023,2023-07-16,"Shere Bangla National Stadium, Mirpur",2,34.3,India,Bangladesh,BM Anusha,DP Vaidya,Sultana Khatun,1,0,,,,,,,,,
1382166,2023,2023-07-16,"Shere Bangla National Stadium, Mirpur",2,34.4,India,Bangladesh,DP Vaidya,BM Anusha,Sultana Khatun,3,0,,,,,,,,,
1382166,2023,2023-07-16,"Shere Bangla National Stadium, Mirpur",2,34.5,India,Bangladesh,BM Anusha,DP Vaidya,Sultana Khatun,0,0,,,,,,,,,
1382166,2023,2023-07-16,"Shere Bangla National Stadium, Mirpur",2,34.6,India,Bangladesh,BM Anusha,DP Vaidya,Sultana Khatun,0,0,,,,,,,,,
1382166,2023,2023-07-16,"Shere Bangla National Stadium, Mirpur",2,35.1,India,Bangladesh,DP Vaidya,BM Anusha,Rabeya Khan,4,0,,,,,,,,,
1382166,2023,2023-07-16,"Shere Bangla National Stadium, Mirpur",2,35.2,India,Bangladesh,DP Vaidya,BM Anusha,Rabeya Khan,0,0,,,,,,,,,
1382166,2023,2023-07-16,"Shere Bangla National Stadium, Mirpur",2,35.3,India,Bangladesh,DP Vaidya,BM Anusha,Rabeya Khan,1,0,,,,,,,,,
1382166,2023,2023-07-16,"Shere Bangla National Stadium, Mirpur",2,35.4,India,Bangladesh,BM Anusha,DP Vaidya,Rabeya Khan,0,1,1,,,,,,,,
1382166,2023,2023-07-16,"Shere Bangla National Stadium, Mirpur",2,35.5,India,Bangladesh,BM Anusha,DP Vaidya,Rabeya Khan,1,0,,,,,,,,,
1382166,2023,2023-07-16,"Shere Bangla National Stadium, Mirpur",2,35.6,India,Bangladesh,DP Vaidya,BM Anusha,Rabeya Khan,0,0,,,,,,run out,BM Anusha,,
